sexo,idade,filhos,estadoCivil,escolaridade,ocupacao,bairro,apae,acapam,aldeiasSOS,abrigo,caritas,fazendaEsperanca,cvv,risoterapia,hemocentro,ajudaMais,ajudaMenos,dinheiro,voluntario,alimento,roupas,higiene,racao,brinquedos,sangue,pandemia,fe,renda,APAE Caicó,Abrigo Pedro Gurgel,Acapam,Aldeias Infantis SOS,Centro de Valorização da Vida - CVV,Cáritas Diocesana,Fazenda da Esperança,Hemocentro Caicó,Risoterapia,Blogs e Sites,Carros de Som,Facebook,Igreja,Instagram,Jornais e Revistas,Rádio,Televisão,Whatsapp,Dízimo,Pix,Recolher em casa,Rifas e Sorteios,Transferência ou Depósito,Troco Solidário,Abril,Agosto,Dezembro,Fevereiro,Janeiro,Julho,Junho,Maio,Março,Novembro,Outubro,Setembro
Masculino,De 31 a 40 anos,Não tenho filhos(as),Solteiro(a),Ensino Superior Incompleto,Servidor Público,João XXIII,Muito Importante,Muito Importante,Muito Importante,Muito Importante,Muito Importante,Muito Importante,Muito Importante,Muito Importante,Muito Importante,Sociedade em Geral (Indivíduos),Poder Público,"R\$  0,00 (Zero)",0 (Zero),0 kg (Zero),0 (Zero),0 (Zero),Entre 1kg e 5kg,0 (Zero),1 (Uma),Aumentou as contribuições,Médio,De 3 a 5 S.M.,0,0,0,0,0,0,0,0,0,1,1,0,0,1,0,1,1,0,0,0,0,1,0,0,0,0,1,0,0,0,0,0,0,0,0,0
Masculino,De 31 a 40 anos,Não tenho filhos(as),Solteiro(a),Ensino Superior Completo,Servidor Público,Centro,Muito Importante,Muito Importante,Muito Importante,Muito Importante,Muito Importante,Muito Importante,Muito Importante,Muito Importante,Muito Importante,Sociedade em Geral (Indivíduos),Poder Público,"R\$  0,00 (Zero)",0 (Zero),0 kg (Zero),0 (Zero),0 (Zero),0 kg (Zero),0 (Zero),0 (Zero),Reduziu as contribuições,Médio,Até 1 S.M.,0,0,0,0,0,0,0,0,0,1,0,0,0,1,0,1,0,1,0,1,0,0,0,0,0,0,0,0,1,0,0,0,0,0,0,0
Masculino,De 18 a 30 anos,Não tenho filhos(as),Solteiro(a),Ensino Médio Completo,Estudante,João XXIII,Muito Importante,Muito Importante,Muito Importante,Abstenção,Abstenção,Importante,Muito Importante,Muito Importante,Muito Importante,Sociedade em Geral (Indivíduos),Poder Público,"R\$  0,00 (Zero)",0 (Zero),Entre 1kg e 5kg,0 (Zero),0 (Zero),0 kg (Zero),0 (Zero),0 (Zero),Contribui igual,Baixo,Até 1 S.M.,0,0,0,0,0,0,0,0,0,0,0,0,0,1,0,1,0,0,0,1,0,1,0,1,0,0,0,0,1,0,0,0,0,0,0,0
Masculino,De 31 a 40 anos,Somente filhos(as) biológicos,União Estável,Ensino Superior Completo,Estudante,Recreio,Muito Importante,Muito Importante,Muito Importante,Muito Importante,Abstenção,Muito Importante,Abstenção,Importante,Muito Importante,Sociedade em Geral (Indivíduos),Iniciativa Privada (Empresas),"Entre R\$ 1,00 e R\$ 100,00",0 (Zero),Entre 1kg e 5kg,0 (Zero),0 (Zero),0 kg (Zero),0 (Zero),0 (Zero),Contribui igual,Muito Baixo,De 1 a 3 S.M.,0,0,0,0,0,0,0,0,0,1,0,0,0,0,0,1,0,0,0,0,0,0,0,1,0,0,0,0,0,0,1,0,0,0,0,0
Masculino,De 18 a 30 anos,Não tenho filhos(as),Solteiro(a),Ensino Superior Incompleto,Estudante,Boa Passagem,Muito Importante,Muito Importante,Importante,Importante,Muito Importante,Importante,Importante,Muito Importante,Muito Importante,Poder Público,Iniciativa Privada (Empresas),"R\$  0,00 (Zero)",0 (Zero),0 kg (Zero),0 (Zero),0 (Zero),0 kg (Zero),0 (Zero),0 (Zero),Contribui igual,Muito Baixo,De 1 a 3 S.M.,0,0,0,0,0,0,0,0,0,0,0,0,0,1,0,1,0,1,0,0,1,0,0,0,0,0,0,0,0,0,0,1,0,0,0,0
Masculino,De 41 a 50 anos,Somente filhos(as) biológicos,Casado(a),Ensino Superior Completo,Servidor Público,Centro,Muito Importante,Muito Importante,Muito Importante,Muito Importante,Abstenção,Muito Importante,Abstenção,Abstenção,Abstenção,Sociedade em Geral (Indivíduos),Iniciativa Privada (Empresas),"R\$  0,00 (Zero)",0 (Zero),Entre 6kg e 10kg,0 (Zero),0 (Zero),0 kg (Zero),0 (Zero),0 (Zero),Contribui igual,Muito Alto,De 3 a 5 S.M.,0,0,0,0,0,0,0,0,0,1,0,0,0,0,0,0,0,0,1,0,0,0,0,0,0,0,0,0,0,0,0,0,1,0,0,0
Feminino,De 41 a 50 anos,Somente filhos(as) biológicos,Casado(a),Ensino Médio Completo,Servidor Público,Nova Descoberta,Muito Importante,Muito Importante,Abstenção,Abstenção,Abstenção,Abstenção,Abstenção,Abstenção,Muito Importante,Sociedade em Geral (Indivíduos),Poder Público,"Entre R\$ 101,00 e R\$ 200,00",0 (Zero),Entre 6kg e 10kg,Entre 11 e 15,0 (Zero),Entre 1kg e 5kg,0 (Zero),0 (Zero),Aumentou muito as contribuições,Muito Alto,Até 1 S.M.,0,0,1,0,0,0,0,1,0,1,0,0,0,1,0,0,0,0,0,0,1,0,0,0,0,0,1,0,0,0,0,0,0,0,0,0
Masculino,De 31 a 40 anos,Somente filhos(as) biológicos,Divorciado(a),Ensino Superior Completo,Servidor Público,Darci Fonseca,Muito Importante,Muito Importante,Muito Importante,Muito Importante,Abstenção,Muito Importante,Abstenção,Abstenção,Abstenção,Sociedade em Geral (Indivíduos),Poder Público,"Entre R\$ 1,00 e R\$ 100,00",0 (Zero),Mais de 20kg,0 (Zero),0 (Zero),0 kg (Zero),0 (Zero),0 (Zero),Reduziu as contribuições,Alto,De 5 a 10 S.M.,0,0,1,0,0,0,0,0,0,0,0,0,0,1,0,0,0,0,0,0,1,1,0,0,0,1,1,0,0,0,0,0,0,0,0,0
Feminino,De 18 a 30 anos,Não tenho filhos(as),Solteiro(a),Ensino Superior Completo,Desempregado,João XXIII,Muito Importante,Muito Importante,Importante,Mediana,Abstenção,Abstenção,Abstenção,Importante,Muito Importante,Sociedade em Geral (Indivíduos),Poder Público,"Entre R\$ 1,00 e R\$ 100,00",0 (Zero),0 kg (Zero),0 (Zero),0 (Zero),0 kg (Zero),0 (Zero),0 (Zero),Aumentou as contribuições,Baixo,De 1 a 3 S.M.,0,0,0,0,0,0,0,0,0,1,0,1,0,1,0,1,0,0,1,1,0,0,1,1,0,0,1,0,0,0,0,0,1,0,0,0
Masculino,De 51 a 60 anos,Não tenho filhos(as),Solteiro(a),Ensino Superior Completo,Servidor Público,Serrote Branco,Muito Importante,Importante,Muito Importante,Muito Importante,Importante,Muito Importante,Muito Importante,Importante,Muito Importante,Sociedade em Geral (Indivíduos),Poder Público,"Mais de R\$ 600,00",0 (Zero),0 kg (Zero),0 (Zero),0 (Zero),0 kg (Zero),0 (Zero),2 (Duas),Contribui igual,Muito Alto,Mais que 10 S.M.,0,0,0,0,0,0,0,1,0,1,0,0,1,0,0,1,0,0,0,1,1,1,0,0,1,1,1,1,1,1,1,1,1,1,1,1
Masculino,De 18 a 30 anos,Não tenho filhos(as),Solteiro(a),Ensino Superior Completo,Autônomo ou Profissional Liberal,Vila do Príncipe,Muito Importante,Muito Importante,Muito Importante,Muito Importante,Muito Importante,Muito Importante,Muito Importante,Mediana,Muito Importante,Sociedade em Geral (Indivíduos),Iniciativa Privada (Empresas),"Entre R\$ 301,00 e R\$ 400,00",Entre 1 e 5,Mais de 20kg,Entre 11 e 15,0 (Zero),Entre 6kg e 10kg,0 (Zero),0 (Zero),Contribui igual,Alto,De 3 a 5 S.M.,0,0,0,0,0,0,0,0,0,1,0,0,0,0,0,0,0,0,0,1,0,0,1,0,0,0,1,0,1,0,0,0,0,0,1,1
Masculino,De 31 a 40 anos,Não tenho filhos(as),Solteiro(a),Ensino Superior Completo,Servidor Público,Boa Passagem,Muito Importante,Muito Importante,Muito Importante,Muito Importante,Muito Importante,Muito Importante,Muito Importante,Muito Importante,Muito Importante,Sociedade em Geral (Indivíduos),Poder Público,"Entre R\$ 1,00 e R\$ 100,00",0 (Zero),Entre 1kg e 5kg,Entre 1 e 5,0 (Zero),Entre 1kg e 5kg,0 (Zero),0 (Zero),Contribui igual,Médio,De 1 a 3 S.M.,1,0,1,0,0,0,0,1,0,1,1,1,0,1,0,1,0,1,0,1,1,1,0,0,0,0,0,1,0,1,1,0,0,0,1,0
Masculino,De 31 a 40 anos,Somente filhos(as) biológicos,Casado(a),Ensino Superior Completo,Servidor Público,Acampamento,Muito Importante,Muito Importante,Muito Importante,Muito Importante,Muito Importante,Muito Importante,Muito Importante,Muito Importante,Muito Importante,Sociedade em Geral (Indivíduos),Poder Público,"Entre R\$ 501,00 e R\$ 600,00",0 (Zero),0 kg (Zero),Entre 11 e 15,0 (Zero),0 kg (Zero),Entre 1 e 5,0 (Zero),Contribui igual,Médio,De 1 a 3 S.M.,0,0,0,0,0,0,0,0,0,1,0,1,0,1,0,0,0,0,0,0,1,0,0,0,1,1,1,1,1,1,1,1,1,1,1,1
Masculino,De 31 a 40 anos,Não tenho filhos(as),Solteiro(a),Ensino Superior Completo,Desempregado,Barra Nova,Muito Importante,Às vezes é Importante,Muito Importante,Muito Importante,Muito Importante,Muito Importante,Muito Importante,Não é Importante,Muito Importante,Sociedade em Geral (Indivíduos),Poder Público,"R\$  0,00 (Zero)",0 (Zero),Entre 1kg e 5kg,0 (Zero),0 (Zero),0 kg (Zero),0 (Zero),0 (Zero),Contribui igual,Alto,De 1 a 3 S.M.,0,0,0,0,0,0,0,0,0,0,0,1,0,0,0,0,0,0,0,1,0,0,0,0,0,0,1,0,0,0,0,0,0,0,0,0
Feminino,De 41 a 50 anos,Somente filhos(as) biológicos,Casado(a),Ensino Superior Completo,Empregado na Iniciativa Privada,Boa Passagem,Muito Importante,Abstenção,Abstenção,Muito Importante,Abstenção,Muito Importante,Importante,Abstenção,Muito Importante,Poder Público,Sociedade em Geral (Indivíduos),"Entre R\$ 1,00 e R\$ 100,00",0 (Zero),Entre 1kg e 5kg,Entre 6 e 10,0 (Zero),0 kg (Zero),0 (Zero),0 (Zero),Reduziu muito as contribuições,Baixo,De 3 a 5 S.M.,0,0,0,0,0,0,0,0,0,0,0,0,1,0,0,1,0,0,0,1,0,0,0,0,0,0,1,0,0,0,0,0,0,0,0,0
Feminino,De 18 a 30 anos,Somente filhos(as) biológicos,Solteiro(a),Ensino Superior Incompleto,Estudante,Centro,Muito Importante,Importante,Muito Importante,Muito Importante,Muito Importante,Importante,Muito Importante,Importante,Muito Importante,Poder Público,Sociedade em Geral (Indivíduos),"R\$  0,00 (Zero)",Entre 1 e 5,Entre 1kg e 5kg,Entre 1 e 5,Entre 1 e 5,0 kg (Zero),Entre 1 e 5,0 (Zero),Reduziu as contribuições,Médio,De 1 a 3 S.M.,0,0,0,0,0,0,0,0,0,1,1,1,0,1,0,0,0,1,0,0,0,0,1,1,0,0,1,0,0,0,0,0,0,1,0,0
Feminino,De 41 a 50 anos,Somente filhos(as) biológicos,Casado(a),Ensino Superior Completo,Servidor Público,Acampamento,Muito Importante,Muito Importante,Muito Importante,Muito Importante,Muito Importante,Muito Importante,Muito Importante,Muito Importante,Muito Importante,Poder Público,Iniciativa Privada (Empresas),"Entre R\$ 301,00 e R\$ 400,00",Entre 16 e 20,Entre 6kg e 10kg,Entre 6 e 10,Entre 6 e 10,0 kg (Zero),Entre 6 e 10,0 (Zero),Reduziu muito as contribuições,Muito Alto,De 1 a 3 S.M.,1,1,0,1,0,0,0,0,0,0,0,1,0,1,0,1,0,1,0,0,0,0,1,0,1,1,1,1,1,1,1,1,1,1,1,1
Feminino,De 41 a 50 anos,Somente filhos(as) biológicos,Casado(a),Ensino Superior Completo,Autônomo ou Profissional Liberal,Barra Nova,Muito Importante,Muito Importante,Muito Importante,Muito Importante,Importante,Importante,Importante,Importante,Muito Importante,Sociedade em Geral (Indivíduos),Poder Público,"Entre R\$ 201,00 e R\$ 300,00",0 (Zero),0 kg (Zero),Entre 1 e 5,Entre 6 e 10,0 kg (Zero),Entre 1 e 5,0 (Zero),Contribui igual,Muito Alto,De 3 a 5 S.M.,0,0,0,0,0,0,0,0,0,1,0,0,0,1,0,0,0,0,0,0,1,0,0,0,1,1,1,1,1,1,1,1,1,1,1,1
Masculino,De 51 a 60 anos,Somente filhos(as) biológicos,União Estável,Ensino Superior Completo,Servidor Público,IPE - Jardim Satélite,Muito Importante,Muito Importante,Muito Importante,Muito Importante,Muito Importante,Muito Importante,Muito Importante,Muito Importante,Muito Importante,Poder Público,Sociedade em Geral (Indivíduos),"Entre R\$ 1,00 e R\$ 100,00",0 (Zero),Entre 6kg e 10kg,Entre 11 e 15,0 (Zero),Entre 1kg e 5kg,0 (Zero),0 (Zero),Contribui igual,Alto,De 3 a 5 S.M.,0,0,1,0,0,0,0,1,0,1,1,0,1,0,1,1,1,1,0,1,0,1,0,0,1,1,1,1,1,1,1,1,1,1,1,1
Feminino,De 31 a 40 anos,Somente filhos(as) biológicos,Solteiro(a),Ensino Médio Completo,Autônomo ou Profissional Liberal,Barra Nova,Muito Importante,Abstenção,Abstenção,Abstenção,Abstenção,Abstenção,Abstenção,Abstenção,Abstenção,Iniciativa Privada (Empresas),Sociedade em Geral (Indivíduos),"Entre R\$ 1,00 e R\$ 100,00",Entre 1 e 5,Entre 6kg e 10kg,Mais de 20,0 (Zero),Entre 1kg e 5kg,0 (Zero),0 (Zero),Contribui igual,Alto,Até 1 S.M.,0,0,0,0,0,0,0,0,0,0,0,0,0,1,0,1,0,0,0,1,0,0,0,0,0,0,1,0,0,0,0,0,0,0,1,0
Feminino,De 51 a 60 anos,Somente filhos(as) biológicos,Casado(a),Ensino Superior Completo,Empregado na Iniciativa Privada,Castelo Branco,Muito Importante,Abstenção,Muito Importante,Abstenção,Muito Importante,Abstenção,Abstenção,Abstenção,Abstenção,Iniciativa Privada (Empresas),Poder Público,"Entre R\$ 201,00 e R\$ 300,00",Entre 6 e 10,Mais de 20kg,Mais de 20,Entre 11 e 15,Entre 1kg e 5kg,Mais de 20,0 (Zero),Contribui igual,Muito Alto,De 3 a 5 S.M.,1,0,0,1,0,0,0,0,0,1,0,0,0,0,0,0,0,0,0,0,1,0,0,0,0,0,1,0,0,0,0,0,0,0,0,0
Feminino,De 41 a 50 anos,Não tenho filhos(as),União Estável,Ensino Superior Completo,Servidor Público,Paraíba,Muito Importante,Muito Importante,Muito Importante,Muito Importante,Muito Importante,Muito Importante,Muito Importante,Muito Importante,Muito Importante,Poder Público,Iniciativa Privada (Empresas),"Entre R\$ 401,00 e R\$ 500,00",0 (Zero),0 kg (Zero),Entre 11 e 15,Mais de 20,Entre 6kg e 10kg,0 (Zero),0 (Zero),Reduziu as contribuições,Médio,De 1 a 3 S.M.,0,0,0,0,0,0,1,1,0,0,0,0,0,0,0,1,0,0,0,0,0,0,1,0,0,0,1,0,1,1,0,0,0,0,1,0
Feminino,De 41 a 50 anos,Somente filhos(as) biológicos,Casado(a),Ensino Superior Completo,Empregado na Iniciativa Privada,Centro,Muito Importante,Muito Importante,Muito Importante,Muito Importante,Muito Importante,Muito Importante,Muito Importante,Muito Importante,Muito Importante,Sociedade em Geral (Indivíduos),Poder Público,"Entre R\$ 1,00 e R\$ 100,00",Entre 1 e 5,Entre 1kg e 5kg,Entre 1 e 5,Entre 1 e 5,Entre 1kg e 5kg,Entre 1 e 5,0 (Zero),Reduziu muito as contribuições,Alto,Até 1 S.M.,0,0,0,0,0,0,0,0,0,1,1,1,1,1,0,1,1,0,0,0,0,0,1,0,0,0,1,1,0,1,0,0,0,0,1,0
Feminino,De 51 a 60 anos,Não tenho filhos(as),Solteiro(a),Ensino Superior Completo,Servidor Público,Boa Passagem,Muito Importante,Abstenção,Abstenção,Abstenção,Abstenção,Abstenção,Abstenção,Abstenção,Abstenção,Poder Público,Iniciativa Privada (Empresas),"Entre R\$ 101,00 e R\$ 200,00",Mais de 20,Entre 6kg e 10kg,Entre 11 e 15,Entre 1 e 5,0 kg (Zero),0 (Zero),0 (Zero),Contribui igual,Muito Alto,De 3 a 5 S.M.,0,0,0,0,0,0,0,0,0,1,0,1,0,1,0,1,0,0,1,0,0,0,0,0,1,1,1,1,1,1,1,1,1,1,1,1
Feminino,De 51 a 60 anos,Somente filhos(as) adotados/criação,Solteiro(a),Ensino Médio Completo,Empregado na Iniciativa Privada,Castelo Branco,Abstenção,Abstenção,Muito Importante,Abstenção,Abstenção,Abstenção,Abstenção,Abstenção,Abstenção,Sociedade em Geral (Indivíduos),Poder Público,"Entre R\$ 1,00 e R\$ 100,00",0 (Zero),Entre 1kg e 5kg,Mais de 20,Entre 1 e 5,0 kg (Zero),Entre 1 e 5,0 (Zero),Aumentou as contribuições,Muito Alto,Até 1 S.M.,1,0,0,1,0,0,0,0,0,1,0,0,0,0,0,1,0,1,0,0,1,0,0,0,0,0,1,0,0,0,0,0,0,0,0,0
Masculino,De 31 a 40 anos,Não tenho filhos(as),Solteiro(a),Ensino Superior Completo,Servidor Público,Barra Nova,Muito Importante,Importante,Muito Importante,Muito Importante,Muito Importante,Muito Importante,Muito Importante,Importante,Muito Importante,Poder Público,Iniciativa Privada (Empresas),"Entre R\$ 1,00 e R\$ 100,00",Entre 1 e 5,Entre 6kg e 10kg,Mais de 20,Entre 1 e 5,Entre 1kg e 5kg,0 (Zero),3 (Três),Reduziu as contribuições,Médio,De 3 a 5 S.M.,0,0,0,0,0,0,0,1,0,1,0,1,1,1,0,0,0,0,0,1,1,0,0,0,0,0,1,0,0,1,0,0,0,0,0,1
Masculino,De 51 a 60 anos,Somente filhos(as) biológicos,Casado(a),Ensino Superior Completo,Empregado na Iniciativa Privada,Centro,Muito Importante,Muito Importante,Muito Importante,Muito Importante,Importante,Muito Importante,Muito Importante,Importante,Muito Importante,Poder Público,Sociedade em Geral (Indivíduos),"Mais de R\$ 600,00",Entre 1 e 5,Entre 16kg e 20kg,Entre 6 e 10,Entre 6 e 10,Entre 6kg e 10kg,Entre 1 e 5,0 (Zero),Reduziu as contribuições,Alto,De 3 a 5 S.M.,1,0,0,1,0,0,0,0,0,1,0,0,0,0,1,1,0,1,0,0,1,0,1,1,1,1,1,1,1,1,1,1,1,1,1,1
Feminino,De 51 a 60 anos,Somente filhos(as) biológicos,Divorciado(a),Ensino Superior Completo,Aposentado ou Pensionista,Castelo Branco,Muito Importante,Importante,Muito Importante,Muito Importante,Importante,Importante,Abstenção,Muito Importante,Muito Importante,Iniciativa Privada (Empresas),Sociedade em Geral (Indivíduos),"Entre R\$ 1,00 e R\$ 100,00",0 (Zero),Entre 6kg e 10kg,Entre 6 e 10,0 (Zero),0 kg (Zero),Entre 6 e 10,0 (Zero),Reduziu as contribuições,Alto,De 1 a 3 S.M.,0,0,0,1,0,0,0,0,0,0,0,0,0,0,1,1,0,0,1,0,1,0,0,0,0,0,1,0,0,0,0,0,0,0,0,0
Feminino,De 31 a 40 anos,Somente filhos(as) biológicos,Divorciado(a),Ensino Médio Completo,Empregado na Iniciativa Privada,Paraíba,Muito Importante,Muito Importante,Muito Importante,Importante,Às vezes é Importante,Às vezes é Importante,Muito Importante,Importante,Muito Importante,Sociedade em Geral (Indivíduos),Iniciativa Privada (Empresas),"R\$  0,00 (Zero)",0 (Zero),0 kg (Zero),Mais de 20,Entre 1 e 5,Entre 6kg e 10kg,0 (Zero),0 (Zero),Reduziu muito as contribuições,Muito Baixo,Até 1 S.M.,0,0,1,0,0,0,0,1,0,0,0,1,0,1,0,0,0,1,0,0,0,0,0,1,0,0,1,0,0,0,0,0,0,0,0,0
Feminino,De 31 a 40 anos,Somente filhos(as) biológicos,Solteiro(a),Ensino Médio Incompleto,Empregado na Iniciativa Privada,Nova Descoberta,Abstenção,Abstenção,Abstenção,Muito Importante,Abstenção,Abstenção,Abstenção,Abstenção,Abstenção,Sociedade em Geral (Indivíduos),Poder Público,"R\$  0,00 (Zero)",0 (Zero),0 kg (Zero),Mais de 20,0 (Zero),0 kg (Zero),0 (Zero),0 (Zero),Reduziu muito as contribuições,Muito Alto,Até 1 S.M.,0,0,0,1,0,0,0,0,0,0,0,1,0,1,0,0,0,1,0,1,0,0,0,0,0,0,1,0,1,0,0,0,0,0,0,0
Feminino,De 41 a 50 anos,Somente filhos(as) biológicos,Solteiro(a),Ensino Médio Completo,Empregado na Iniciativa Privada,Paraíba,Muito Importante,Muito Importante,Muito Importante,Muito Importante,Importante,Importante,Muito Importante,Importante,Muito Importante,Sociedade em Geral (Indivíduos),Poder Público,"R\$  0,00 (Zero)",0 (Zero),0 kg (Zero),0 (Zero),0 (Zero),0 kg (Zero),0 (Zero),0 (Zero),Reduziu muito as contribuições,Baixo,Até 1 S.M.,1,0,0,0,0,0,0,1,0,1,0,0,0,0,0,1,0,0,0,0,1,0,0,0,1,0,0,0,0,0,0,0,0,0,0,0
Masculino,Acima dos 60 anos,Somente filhos(as) biológicos,Casado(a),Ensino Superior Completo,Servidor Público,Penedo,Muito Importante,Abstenção,Abstenção,Muito Importante,Abstenção,Muito Importante,Abstenção,Abstenção,Muito Importante,Sociedade em Geral (Indivíduos),Poder Público,"Entre R\$ 201,00 e R\$ 300,00",0 (Zero),0 kg (Zero),0 (Zero),0 (Zero),0 kg (Zero),0 (Zero),0 (Zero),Aumentou as contribuições,Médio,De 3 a 5 S.M.,0,0,0,0,0,0,0,0,0,0,0,0,0,0,0,1,0,0,0,1,0,0,0,0,1,1,1,1,1,1,1,1,1,1,1,1
Feminino,De 31 a 40 anos,Somente filhos(as) biológicos,Divorciado(a),Ensino Médio Completo,Empregado na Iniciativa Privada,Soledade,Abstenção,Muito Importante,Abstenção,Abstenção,Abstenção,Abstenção,Abstenção,Abstenção,Muito Importante,Sociedade em Geral (Indivíduos),Poder Público,"Entre R\$ 1,00 e R\$ 100,00",Entre 1 e 5,Entre 1kg e 5kg,0 (Zero),Entre 6 e 10,Entre 1kg e 5kg,Entre 1 e 5,0 (Zero),Reduziu muito as contribuições,Muito Alto,Até 1 S.M.,0,0,0,0,0,0,0,0,0,0,0,1,0,1,0,1,0,0,0,0,1,0,1,0,0,0,0,0,0,0,1,0,1,0,0,0
Feminino,De 51 a 60 anos,Somente filhos(as) biológicos,Casado(a),Ensino Médio Completo,Servidor Público,João XXIII,Muito Importante,Abstenção,Abstenção,Abstenção,Abstenção,Abstenção,Abstenção,Abstenção,Abstenção,Sociedade em Geral (Indivíduos),Poder Público,"R\$  0,00 (Zero)",0 (Zero),Entre 6kg e 10kg,Entre 6 e 10,0 (Zero),Entre 16kg e 20kg,0 (Zero),0 (Zero),Contribui igual,Médio,De 1 a 3 S.M.,1,0,0,0,0,0,0,0,0,0,0,0,0,0,0,1,0,0,1,0,0,1,0,0,0,1,1,1,0,0,0,1,0,1,1,0
Feminino,De 51 a 60 anos,Somente filhos(as) biológicos,União Estável,Ensino Superior Completo,Servidor Público,Paraíba,Muito Importante,Muito Importante,Muito Importante,Muito Importante,Importante,Importante,Importante,Importante,Muito Importante,Sociedade em Geral (Indivíduos),Poder Público,"Entre R\$ 1,00 e R\$ 100,00",0 (Zero),Entre 11kg e 15kg,Entre 16 e 20,Entre 6 e 10,Mais de 20kg,Entre 6 e 10,0 (Zero),Contribui igual,Médio,De 1 a 3 S.M.,1,0,0,0,0,0,0,0,0,1,0,1,0,1,1,0,0,0,0,0,0,1,0,1,0,0,1,0,0,0,0,0,0,0,0,0
Feminino,De 41 a 50 anos,Somente filhos(as) biológicos,Casado(a),Ensino Superior Completo,Servidor Público,Vila Altiva,Muito Importante,Muito Importante,Muito Importante,Muito Importante,Muito Importante,Importante,Muito Importante,Importante,Muito Importante,Sociedade em Geral (Indivíduos),Poder Público,"Entre R\$ 301,00 e R\$ 400,00",0 (Zero),Entre 1kg e 5kg,Mais de 20,Entre 6 e 10,Mais de 20kg,0 (Zero),0 (Zero),Contribui igual,Alto,De 3 a 5 S.M.,0,0,0,0,0,0,0,0,0,0,0,0,1,0,0,1,0,0,0,0,1,0,0,0,1,1,1,1,1,1,1,1,1,1,1,1
Feminino,De 18 a 30 anos,Não tenho filhos(as),Solteiro(a),Ensino Superior Completo,Servidor Público,João XXIII,Muito Importante,Muito Importante,Muito Importante,Muito Importante,Importante,Importante,Importante,Muito Importante,Muito Importante,Sociedade em Geral (Indivíduos),Iniciativa Privada (Empresas),"Entre R\$ 1,00 e R\$ 100,00",Entre 1 e 5,Entre 1kg e 5kg,Entre 6 e 10,0 (Zero),0 kg (Zero),Entre 1 e 5,0 (Zero),Contribui igual,Médio,De 1 a 3 S.M.,0,0,0,0,0,0,0,0,0,1,0,0,0,1,0,1,0,1,0,1,0,0,1,1,0,0,1,0,0,0,1,0,0,0,0,0
Masculino,De 18 a 30 anos,Não tenho filhos(as),Solteiro(a),Ensino Superior Incompleto,Estudante,João XXIII,Muito Importante,Muito Importante,Muito Importante,Importante,Importante,Importante,Muito Importante,Importante,Muito Importante,Sociedade em Geral (Indivíduos),Poder Público,"Entre R\$ 1,00 e R\$ 100,00",Entre 1 e 5,Entre 1kg e 5kg,Entre 1 e 5,Entre 1 e 5,Entre 1kg e 5kg,Entre 1 e 5,0 (Zero),Contribui igual,Alto,De 1 a 3 S.M.,0,0,0,0,0,0,0,0,0,1,0,0,1,1,0,1,0,0,0,1,0,1,1,0,1,1,1,1,1,1,1,1,1,1,1,1
Masculino,Acima dos 60 anos,Somente filhos(as) biológicos,Casado(a),Ensino Fundamental Completo,Aposentado ou Pensionista,Vila do Príncipe,Importante,Importante,Importante,Muito Importante,Importante,Mediana,Mediana,Não é Importante,Muito Importante,Sociedade em Geral (Indivíduos),Iniciativa Privada (Empresas),"Entre R\$ 101,00 e R\$ 200,00",0 (Zero),Mais de 20kg,Entre 11 e 15,0 (Zero),0 kg (Zero),0 (Zero),0 (Zero),Aumentou as contribuições,Muito Alto,De 3 a 5 S.M.,0,0,0,0,0,0,0,1,0,1,0,0,0,0,0,1,0,0,0,0,1,0,0,1,0,0,1,0,0,1,0,0,0,0,1,0
Feminino,De 51 a 60 anos,Somente filhos(as) biológicos,Casado(a),Ensino Médio Incompleto,Autônomo ou Profissional Liberal,Vila do Príncipe,Muito Importante,Muito Importante,Importante,Importante,Muito Importante,Mediana,Às vezes é Importante,Não é Importante,Muito Importante,Sociedade em Geral (Indivíduos),Poder Público,"Mais de R\$ 600,00",Entre 1 e 5,Mais de 20kg,Entre 11 e 15,Mais de 20,Entre 11kg e 15kg,Entre 1 e 5,0 (Zero),Aumentou as contribuições,Muito Alto,De 3 a 5 S.M.,0,0,0,0,0,0,0,0,0,1,0,0,1,0,0,0,0,0,1,0,1,0,0,1,1,1,1,1,1,1,1,1,1,1,1,1
Masculino,De 18 a 30 anos,Não tenho filhos(as),Casado(a),Ensino Médio Completo,Empregado na Iniciativa Privada,Canuto e Filhos,Muito Importante,Muito Importante,Abstenção,Muito Importante,Abstenção,Muito Importante,Abstenção,Abstenção,Abstenção,Sociedade em Geral (Indivíduos),Poder Público,"Entre R\$ 1,00 e R\$ 100,00",0 (Zero),Entre 1kg e 5kg,0 (Zero),Entre 1 e 5,0 kg (Zero),0 (Zero),0 (Zero),Reduziu muito as contribuições,Baixo,De 1 a 3 S.M.,0,0,0,0,0,0,0,0,0,1,0,1,0,1,0,0,0,0,0,1,0,0,1,0,0,0,0,0,1,0,0,0,0,0,0,0
Feminino,De 31 a 40 anos,Somente filhos(as) biológicos,Solteiro(a),Ensino Médio Completo,Empregado na Iniciativa Privada,Nova Descoberta,Muito Importante,Muito Importante,Muito Importante,Muito Importante,Muito Importante,Muito Importante,Muito Importante,Muito Importante,Muito Importante,Sociedade em Geral (Indivíduos),Poder Público,"Entre R\$ 1,00 e R\$ 100,00",0 (Zero),0 kg (Zero),0 (Zero),0 (Zero),0 kg (Zero),Entre 1 e 5,0 (Zero),Reduziu as contribuições,Médio,Até 1 S.M.,0,0,0,1,0,0,0,0,0,1,0,0,0,0,0,0,0,0,0,0,0,0,0,1,0,0,1,0,0,0,0,0,0,0,0,0
Masculino,De 31 a 40 anos,Não tenho filhos(as),Solteiro(a),Ensino Superior Incompleto,Servidor Público,Nova Descoberta,Muito Importante,Importante,Mediana,Muito Importante,Importante,Importante,Muito Importante,Mediana,Muito Importante,Sociedade em Geral (Indivíduos),Iniciativa Privada (Empresas),"Entre R\$ 1,00 e R\$ 100,00",0 (Zero),Entre 1kg e 5kg,0 (Zero),0 (Zero),0 kg (Zero),0 (Zero),0 (Zero),Aumentou as contribuições,Médio,De 1 a 3 S.M.,0,0,0,0,0,0,0,1,0,1,0,1,0,1,0,1,0,1,0,1,0,0,0,0,0,0,1,0,0,0,0,0,0,0,0,0
Feminino,De 18 a 30 anos,Não tenho filhos(as),Solteiro(a),Ensino Superior Completo,Servidor Público,Centro,Muito Importante,Muito Importante,Importante,Importante,Mediana,Mediana,Importante,Importante,Muito Importante,Sociedade em Geral (Indivíduos),Poder Público,"Entre R\$ 1,00 e R\$ 100,00",0 (Zero),0 kg (Zero),0 (Zero),0 (Zero),Entre 1kg e 5kg,0 (Zero),0 (Zero),Reduziu muito as contribuições,Médio,Até 1 S.M.,0,0,0,0,0,0,0,0,0,1,0,0,0,0,0,1,1,0,0,1,0,0,1,0,0,0,1,0,0,0,0,0,0,0,0,0
Feminino,De 18 a 30 anos,Não tenho filhos(as),Solteiro(a),Ensino Superior Incompleto,Estudante,Paraíba,Muito Importante,Muito Importante,Muito Importante,Muito Importante,Muito Importante,Muito Importante,Muito Importante,Muito Importante,Muito Importante,Sociedade em Geral (Indivíduos),Iniciativa Privada (Empresas),"Entre R\$ 1,00 e R\$ 100,00",0 (Zero),Entre 1kg e 5kg,0 (Zero),0 (Zero),0 kg (Zero),0 (Zero),0 (Zero),Contribui igual,Muito Alto,De 1 a 3 S.M.,0,0,0,0,0,0,0,0,0,0,0,0,0,1,0,0,0,0,0,1,1,0,1,0,0,0,1,0,0,1,0,0,0,0,0,0
Masculino,De 31 a 40 anos,Não tenho filhos(as),Solteiro(a),Ensino Superior Completo,Desempregado,Darci Fonseca,Muito Importante,Muito Importante,Muito Importante,Muito Importante,Não é Importante,Muito Importante,Importante,Não é Importante,Importante,Poder Público,Iniciativa Privada (Empresas),"Entre R\$ 1,00 e R\$ 100,00",Mais de 20,Entre 11kg e 15kg,Entre 6 e 10,Entre 11 e 15,Entre 6kg e 10kg,0 (Zero),0 (Zero),Contribui igual,Alto,De 1 a 3 S.M.,0,0,0,0,0,0,0,0,0,1,0,1,0,1,0,0,0,1,0,0,1,0,0,0,1,1,1,1,1,1,1,1,1,1,1,1
Feminino,De 18 a 30 anos,Não tenho filhos(as),Solteiro(a),Ensino Superior Completo,Servidor Público,Centro,Muito Importante,Importante,Muito Importante,Muito Importante,Muito Importante,Abstenção,Muito Importante,Muito Importante,Muito Importante,Sociedade em Geral (Indivíduos),Iniciativa Privada (Empresas),"Entre R\$ 1,00 e R\$ 100,00",0 (Zero),Mais de 20kg,Entre 6 e 10,Entre 6 e 10,0 kg (Zero),0 (Zero),0 (Zero),Contribui igual,Baixo,De 3 a 5 S.M.,0,0,0,0,0,0,0,0,0,0,0,0,0,1,0,1,0,1,0,1,0,1,0,1,1,1,1,1,1,1,1,1,1,1,1,1
Masculino,De 31 a 40 anos,Não tenho filhos(as),Solteiro(a),Ensino Médio Completo,Empregado na Iniciativa Privada,Paraíba,Muito Importante,Muito Importante,Muito Importante,Muito Importante,Muito Importante,Muito Importante,Muito Importante,Muito Importante,Muito Importante,Sociedade em Geral (Indivíduos),Poder Público,"Entre R\$ 1,00 e R\$ 100,00",0 (Zero),Entre 1kg e 5kg,0 (Zero),0 (Zero),0 kg (Zero),Entre 1 e 5,0 (Zero),Contribui igual,Médio,Até 1 S.M.,0,0,0,0,0,0,0,0,0,0,0,1,0,1,0,1,0,1,0,0,0,0,0,1,1,1,0,0,0,0,0,1,1,0,1,1
Feminino,De 18 a 30 anos,Não tenho filhos(as),Solteiro(a),Ensino Médio Completo,Autônomo ou Profissional Liberal,Walfredo Gurgel,Importante,Muito Importante,Mediana,Mediana,Abstenção,Abstenção,Muito Importante,Muito Importante,Muito Importante,Sociedade em Geral (Indivíduos),Poder Público,"Entre R\$ 1,00 e R\$ 100,00",0 (Zero),Entre 1kg e 5kg,0 (Zero),Entre 1 e 5,Entre 1kg e 5kg,0 (Zero),1 (Uma),Contribui igual,Muito Alto,De 1 a 3 S.M.,0,0,0,0,0,0,0,0,0,1,1,0,0,1,0,1,0,1,1,0,1,0,0,0,0,0,1,1,0,1,0,0,0,0,0,0
Masculino,De 18 a 30 anos,Não tenho filhos(as),Solteiro(a),Ensino Superior Completo,Servidor Público,João XXIII,Muito Importante,Muito Importante,Muito Importante,Muito Importante,Abstenção,Muito Importante,Muito Importante,Muito Importante,Muito Importante,Iniciativa Privada (Empresas),Poder Público,"Entre R\$ 1,00 e R\$ 100,00",0 (Zero),0 kg (Zero),0 (Zero),0 (Zero),0 kg (Zero),0 (Zero),0 (Zero),Contribui igual,Médio,Até 1 S.M.,0,0,0,0,0,0,0,0,0,1,0,0,0,1,0,1,0,0,0,1,0,0,1,0,0,0,1,0,0,0,0,0,0,0,0,0
Feminino,De 18 a 30 anos,Não tenho filhos(as),Solteiro(a),Ensino Superior Incompleto,Estudante,Paraíba,Muito Importante,Muito Importante,Muito Importante,Muito Importante,Importante,Muito Importante,Muito Importante,Muito Importante,Muito Importante,Iniciativa Privada (Empresas),Sociedade em Geral (Indivíduos),"Entre R\$ 1,00 e R\$ 100,00",0 (Zero),Entre 6kg e 10kg,0 (Zero),0 (Zero),0 kg (Zero),0 (Zero),0 (Zero),Contribui igual,Muito Alto,De 1 a 3 S.M.,0,0,0,0,0,0,0,0,0,0,0,0,0,0,0,1,0,0,1,1,0,0,0,1,1,0,1,1,0,1,0,0,0,1,0,0
Masculino,De 18 a 30 anos,Não tenho filhos(as),Solteiro(a),Ensino Superior Incompleto,Autônomo ou Profissional Liberal,Paulo VI,Importante,Importante,Abstenção,Mediana,Abstenção,Às vezes é Importante,Abstenção,Importante,Abstenção,Sociedade em Geral (Indivíduos),Iniciativa Privada (Empresas),"R\$  0,00 (Zero)",0 (Zero),0 kg (Zero),0 (Zero),0 (Zero),0 kg (Zero),0 (Zero),0 (Zero),Contribui igual,Muito Baixo,De 3 a 5 S.M.,0,0,0,0,0,0,0,0,0,0,0,0,0,1,0,0,0,0,0,0,1,0,0,0,0,0,1,0,0,0,0,0,0,0,0,0
Feminino,De 18 a 30 anos,Não tenho filhos(as),Solteiro(a),Ensino Médio Completo,Estudante,Alto da Boa Vista,Muito Importante,Muito Importante,Abstenção,Abstenção,Abstenção,Abstenção,Abstenção,Muito Importante,Muito Importante,Sociedade em Geral (Indivíduos),Poder Público,"Entre R\$ 1,00 e R\$ 100,00",0 (Zero),Entre 1kg e 5kg,Entre 16 e 20,0 (Zero),0 kg (Zero),0 (Zero),0 (Zero),Contribui igual,Muito Alto,De 1 a 3 S.M.,0,0,0,0,0,0,0,0,0,0,0,0,0,1,0,0,0,0,0,0,0,1,1,0,0,0,1,0,0,1,0,0,0,0,0,0
Feminino,De 18 a 30 anos,Não tenho filhos(as),Solteiro(a),Ensino Superior Incompleto,Autônomo ou Profissional Liberal,Acampamento,Muito Importante,Mediana,Importante,Muito Importante,Mediana,Muito Importante,Muito Importante,Muito Importante,Muito Importante,Sociedade em Geral (Indivíduos),Poder Público,"Entre R\$ 1,00 e R\$ 100,00",0 (Zero),Entre 1kg e 5kg,Entre 11 e 15,0 (Zero),0 kg (Zero),0 (Zero),0 (Zero),Aumentou as contribuições,Baixo,De 5 a 10 S.M.,0,0,0,0,0,0,0,0,0,1,0,0,0,1,0,1,0,0,0,0,1,0,0,0,1,0,1,0,0,0,0,0,0,0,0,0
Feminino,De 18 a 30 anos,Não tenho filhos(as),Solteiro(a),Ensino Superior Completo,Estudante,Alto da Boa Vista,Muito Importante,Muito Importante,Muito Importante,Muito Importante,Abstenção,Abstenção,Abstenção,Muito Importante,Muito Importante,Sociedade em Geral (Indivíduos),Poder Público,"R\$  0,00 (Zero)",0 (Zero),Entre 1kg e 5kg,Mais de 20,0 (Zero),Entre 1kg e 5kg,0 (Zero),0 (Zero),Contribui igual,Baixo,Até 1 S.M.,0,0,0,0,0,0,0,0,0,0,0,0,0,1,0,1,0,0,0,0,1,0,0,0,0,0,0,0,0,0,0,0,0,0,0,1
Feminino,De 31 a 40 anos,Não tenho filhos(as),Solteiro(a),Ensino Superior Completo,Autônomo ou Profissional Liberal,Centro,Abstenção,Abstenção,Abstenção,Abstenção,Abstenção,Abstenção,Muito Importante,Abstenção,Abstenção,Sociedade em Geral (Indivíduos),Poder Público,"R\$  0,00 (Zero)",0 (Zero),Entre 1kg e 5kg,Entre 6 e 10,0 (Zero),0 kg (Zero),0 (Zero),0 (Zero),Contribui igual,Alto,De 3 a 5 S.M.,0,0,0,0,0,0,0,0,0,1,0,0,0,1,0,1,0,0,0,1,0,1,1,0,0,0,1,0,0,0,0,0,0,0,0,0
Masculino,De 31 a 40 anos,Não tenho filhos(as),Solteiro(a),Ensino Superior Completo,Empregado na Iniciativa Privada,Centro,Muito Importante,Abstenção,Abstenção,Muito Importante,Muito Importante,Muito Importante,Abstenção,Abstenção,Abstenção,Sociedade em Geral (Indivíduos),Poder Público,"Mais de R\$ 600,00",Mais de 20,0 kg (Zero),0 (Zero),0 (Zero),0 kg (Zero),0 (Zero),0 (Zero),Contribui igual,Médio,De 3 a 5 S.M.,0,0,0,0,0,0,0,0,0,0,0,0,0,1,0,1,0,1,0,0,0,1,1,0,1,1,1,1,1,1,1,1,1,1,1,1
Masculino,De 18 a 30 anos,Não tenho filhos(as),União Estável,Ensino Superior Incompleto,Empregado na Iniciativa Privada,Vila Altiva,Muito Importante,Mediana,Importante,Muito Importante,Mediana,Às vezes é Importante,Às vezes é Importante,Muito Importante,Importante,Sociedade em Geral (Indivíduos),Iniciativa Privada (Empresas),"R\$  0,00 (Zero)",Entre 1 e 5,Entre 1kg e 5kg,0 (Zero),0 (Zero),0 kg (Zero),0 (Zero),0 (Zero),Aumentou muito as contribuições,Muito Baixo,De 1 a 3 S.M.,0,0,0,0,0,0,0,0,0,0,0,0,0,1,0,1,0,0,0,1,0,1,1,0,0,0,1,0,0,1,0,0,0,0,0,0
Masculino,De 31 a 40 anos,Não tenho filhos(as),Solteiro(a),Ensino Superior Completo,Servidor Público,Walfredo Gurgel,Mediana,Mediana,Mediana,Abstenção,Abstenção,Abstenção,Abstenção,Abstenção,Mediana,Sociedade em Geral (Indivíduos),Iniciativa Privada (Empresas),"Mais de R\$ 600,00",0 (Zero),Mais de 20kg,0 (Zero),0 (Zero),Entre 11kg e 15kg,Mais de 20,0 (Zero),Aumentou as contribuições,Alto,Mais que 10 S.M.,0,0,0,0,0,0,0,0,0,0,0,0,0,1,0,1,0,0,1,1,0,0,1,0,1,1,1,1,1,1,1,1,1,1,1,1
Feminino,De 18 a 30 anos,Não tenho filhos(as),Solteiro(a),Ensino Superior Completo,Desempregado,Centro,Mediana,Às vezes é Importante,Mediana,Importante,Abstenção,Abstenção,Importante,Importante,Importante,Sociedade em Geral (Indivíduos),Iniciativa Privada (Empresas),"Entre R\$ 101,00 e R\$ 200,00",0 (Zero),Entre 1kg e 5kg,Entre 6 e 10,0 (Zero),0 kg (Zero),0 (Zero),0 (Zero),Contribui igual,Baixo,De 1 a 3 S.M.,0,0,0,0,0,0,0,0,0,1,0,0,0,1,0,0,0,0,0,1,0,1,0,1,0,0,1,0,0,0,0,0,0,0,0,0
Feminino,De 41 a 50 anos,Não tenho filhos(as),Solteiro(a),Ensino Superior Incompleto,Servidor Público,João XXIII,Importante,Importante,Abstenção,Abstenção,Abstenção,Importante,Abstenção,Abstenção,Importante,Sociedade em Geral (Indivíduos),Poder Público,"Entre R\$ 301,00 e R\$ 400,00",0 (Zero),0 kg (Zero),0 (Zero),Entre 1 e 5,0 kg (Zero),0 (Zero),0 (Zero),Contribui igual,Muito Alto,De 1 a 3 S.M.,0,0,0,0,0,0,0,0,0,0,0,0,0,0,0,1,1,0,1,0,0,1,1,1,0,0,0,1,1,0,0,1,0,0,0,0
Feminino,De 18 a 30 anos,Não tenho filhos(as),Solteiro(a),Ensino Superior Completo,Estudante,Castelo Branco,Muito Importante,Mediana,Abstenção,Muito Importante,Abstenção,Abstenção,Importante,Muito Importante,Muito Importante,Iniciativa Privada (Empresas),Poder Público,"Entre R\$ 301,00 e R\$ 400,00",Entre 1 e 5,Mais de 20kg,Entre 11 e 15,Entre 6 e 10,0 kg (Zero),Entre 1 e 5,0 (Zero),Aumentou as contribuições,Muito Alto,De 1 a 3 S.M.,0,0,0,0,0,0,0,0,0,1,0,0,0,1,0,0,0,0,0,1,0,0,1,0,0,1,0,0,1,1,1,1,0,0,0,1
Feminino,De 18 a 30 anos,Não tenho filhos(as),Casado(a),Ensino Superior Completo,Servidor Público,Alto da Boa Vista,Importante,Importante,Importante,Importante,Abstenção,Muito Importante,Muito Importante,Importante,Muito Importante,Sociedade em Geral (Indivíduos),Poder Público,"R\$  0,00 (Zero)",0 (Zero),0 kg (Zero),Entre 11 e 15,0 (Zero),0 kg (Zero),0 (Zero),0 (Zero),Contribui igual,Muito Alto,De 1 a 3 S.M.,0,0,0,0,0,0,0,0,0,1,0,0,0,1,0,1,0,0,0,1,0,0,0,0,0,0,1,0,0,0,0,0,0,1,0,0
Feminino,De 51 a 60 anos,Somente filhos(as) biológicos,Casado(a),Ensino Superior Completo,Aposentado ou Pensionista,Penedo,Importante,Importante,Abstenção,Importante,Abstenção,Abstenção,Abstenção,Mediana,Muito Importante,Sociedade em Geral (Indivíduos),Poder Público,"Entre R\$ 101,00 e R\$ 200,00",0 (Zero),Entre 1kg e 5kg,0 (Zero),Entre 1 e 5,Entre 1kg e 5kg,0 (Zero),0 (Zero),Reduziu as contribuições,Médio,De 3 a 5 S.M.,0,0,0,0,0,0,0,0,0,1,1,1,0,1,0,1,0,1,0,0,0,1,1,1,0,0,1,1,0,0,0,1,0,0,0,1
Feminino,De 41 a 50 anos,Somente filhos(as) biológicos,Divorciado(a),Ensino Superior Completo,Servidor Público,Canuto e Filhos,Muito Importante,Muito Importante,Muito Importante,Muito Importante,Muito Importante,Muito Importante,Muito Importante,Muito Importante,Muito Importante,Poder Público,Iniciativa Privada (Empresas),"Entre R\$ 1,00 e R\$ 100,00",0 (Zero),Mais de 20kg,Mais de 20,Mais de 20,0 kg (Zero),Entre 1 e 5,0 (Zero),Contribui igual,Alto,De 1 a 3 S.M.,1,1,0,0,0,1,0,1,0,1,0,0,0,0,0,0,0,0,0,0,0,0,1,0,1,1,1,1,1,1,1,1,1,1,1,1
Feminino,De 41 a 50 anos,Somente filhos(as) biológicos,Casado(a),Ensino Superior Completo,Servidor Público,Paraíba,Muito Importante,Abstenção,Muito Importante,Muito Importante,Abstenção,Abstenção,Importante,Abstenção,Abstenção,Sociedade em Geral (Indivíduos),Poder Público,"Entre R\$ 101,00 e R\$ 200,00",0 (Zero),Entre 11kg e 15kg,Entre 16 e 20,0 (Zero),Entre 11kg e 15kg,0 (Zero),0 (Zero),Reduziu as contribuições,Alto,De 3 a 5 S.M.,0,0,0,0,0,0,0,0,0,1,0,0,0,0,0,0,0,0,0,0,0,0,1,0,1,0,0,0,1,1,0,0,0,0,1,0
Feminino,De 18 a 30 anos,Não tenho filhos(as),Solteiro(a),Ensino Superior Incompleto,Estudante,Penedo,Muito Importante,Muito Importante,Importante,Muito Importante,Importante,Importante,Importante,Às vezes é Importante,Muito Importante,Sociedade em Geral (Indivíduos),Iniciativa Privada (Empresas),"Entre R\$ 1,00 e R\$ 100,00",0 (Zero),0 kg (Zero),0 (Zero),Entre 1 e 5,0 kg (Zero),0 (Zero),0 (Zero),Aumentou as contribuições,Alto,Até 1 S.M.,0,0,0,0,0,0,0,0,0,1,0,0,0,1,0,1,0,1,0,1,0,0,1,0,0,0,1,0,0,0,0,0,0,0,0,0
Masculino,De 18 a 30 anos,Não tenho filhos(as),Solteiro(a),Ensino Superior Incompleto,Estudante,Centro,Muito Importante,Importante,Importante,Muito Importante,Mediana,Importante,Mediana,Às vezes é Importante,Muito Importante,Poder Público,Sociedade em Geral (Indivíduos),"Entre R\$ 1,00 e R\$ 100,00",0 (Zero),Entre 1kg e 5kg,0 (Zero),0 (Zero),0 kg (Zero),0 (Zero),1 (Uma),Contribui igual,Alto,De 1 a 3 S.M.,0,0,0,0,0,0,0,0,0,1,0,0,1,1,1,1,1,1,0,1,0,0,0,0,0,0,1,0,0,0,0,0,0,0,0,0
Feminino,Acima dos 60 anos,Somente filhos(as) biológicos,Casado(a),Ensino Superior Completo,Aposentado ou Pensionista,Centro,Muito Importante,Muito Importante,Abstenção,Muito Importante,Abstenção,Muito Importante,Abstenção,Abstenção,Abstenção,Poder Público,Iniciativa Privada (Empresas),"Entre R\$ 1,00 e R\$ 100,00",0 (Zero),Entre 1kg e 5kg,Mais de 20,0 (Zero),0 kg (Zero),0 (Zero),0 (Zero),Aumentou muito as contribuições,Alto,De 1 a 3 S.M.,0,0,0,0,0,0,0,0,0,0,0,0,1,0,0,1,0,0,1,0,0,0,0,0,0,0,0,0,0,1,0,0,0,0,0,0
Feminino,De 31 a 40 anos,Não tenho filhos(as),Solteiro(a),Ensino Superior Completo,Autônomo ou Profissional Liberal,Centro,Muito Importante,Muito Importante,Muito Importante,Muito Importante,Muito Importante,Muito Importante,Muito Importante,Muito Importante,Muito Importante,Iniciativa Privada (Empresas),Poder Público,"Entre R\$ 101,00 e R\$ 200,00",0 (Zero),Entre 6kg e 10kg,Entre 11 e 15,0 (Zero),0 kg (Zero),0 (Zero),0 (Zero),Contribui igual,Muito Alto,De 1 a 3 S.M.,0,1,0,0,0,0,0,0,0,0,0,0,0,1,0,1,0,0,0,1,0,0,1,0,1,1,1,1,1,1,1,1,1,1,1,1
Masculino,De 31 a 40 anos,Não tenho filhos(as),Divorciado(a),Ensino Superior Incompleto,Servidor Público,Canuto e Filhos,Muito Importante,Muito Importante,Muito Importante,Importante,Importante,Muito Importante,Muito Importante,Muito Importante,Muito Importante,Sociedade em Geral (Indivíduos),Poder Público,"Mais de R\$ 600,00",0 (Zero),Mais de 20kg,Entre 11 e 15,Entre 1 e 5,Entre 1kg e 5kg,Entre 1 e 5,3 (Três),Reduziu as contribuições,Médio,De 3 a 5 S.M.,0,0,0,1,0,0,0,1,0,1,1,0,1,0,0,1,0,1,0,1,0,0,1,1,1,1,1,1,1,1,1,1,1,1,1,1
Masculino,Acima dos 60 anos,Somente filhos(as) biológicos,Casado(a),Ensino Médio Completo,Autônomo ou Profissional Liberal,Centro,Muito Importante,Muito Importante,Abstenção,Muito Importante,Abstenção,Muito Importante,Abstenção,Abstenção,Abstenção,Poder Público,Iniciativa Privada (Empresas),"Entre R\$ 1,00 e R\$ 100,00",0 (Zero),Entre 1kg e 5kg,Mais de 20,0 (Zero),0 kg (Zero),0 (Zero),0 (Zero),Contribui igual,Alto,De 1 a 3 S.M.,0,0,0,0,0,0,0,0,0,0,0,0,1,0,0,1,0,0,1,0,0,0,0,0,0,0,0,0,0,1,0,0,0,0,0,0
Feminino,De 18 a 30 anos,Não tenho filhos(as),Solteiro(a),Ensino Superior Completo,Servidor Público,João XXIII,Muito Importante,Muito Importante,Muito Importante,Muito Importante,Muito Importante,Muito Importante,Muito Importante,Muito Importante,Muito Importante,Sociedade em Geral (Indivíduos),Poder Público,"R\$  0,00 (Zero)",0 (Zero),Entre 1kg e 5kg,Entre 1 e 5,0 (Zero),Entre 1kg e 5kg,0 (Zero),0 (Zero),Contribui igual,Muito Alto,De 1 a 3 S.M.,0,0,0,0,0,0,0,0,0,1,0,0,0,1,0,1,0,0,0,0,1,0,0,0,1,0,1,0,0,0,0,0,0,0,0,0
Feminino,De 41 a 50 anos,Não tenho filhos(as),Solteiro(a),Ensino Superior Completo,Servidor Público,Paraíba,Muito Importante,Muito Importante,Muito Importante,Muito Importante,Muito Importante,Muito Importante,Muito Importante,Muito Importante,Muito Importante,Sociedade em Geral (Indivíduos),Poder Público,"Mais de R\$ 600,00",Entre 6 e 10,Mais de 20kg,Mais de 20,Entre 6 e 10,Entre 1kg e 5kg,0 (Zero),0 (Zero),Reduziu as contribuições,Médio,De 3 a 5 S.M.,0,0,0,0,0,0,0,0,0,1,0,1,1,1,0,1,0,1,1,1,0,0,1,0,1,1,1,1,1,1,1,1,1,1,1,1
Masculino,De 31 a 40 anos,Somente filhos(as) biológicos,Casado(a),Ensino Superior Completo,Servidor Público,Maynard,Muito Importante,Muito Importante,Muito Importante,Muito Importante,Muito Importante,Muito Importante,Muito Importante,Muito Importante,Muito Importante,Sociedade em Geral (Indivíduos),Poder Público,"Entre R\$ 101,00 e R\$ 200,00",Entre 1 e 5,Entre 1kg e 5kg,0 (Zero),Entre 1 e 5,Entre 1kg e 5kg,Entre 1 e 5,0 (Zero),Contribui igual,Muito Alto,De 5 a 10 S.M.,1,0,1,0,0,0,0,0,0,0,0,1,0,1,0,1,0,1,0,0,0,1,0,1,0,0,1,0,0,1,0,0,0,0,0,0
Feminino,De 51 a 60 anos,Não tenho filhos(as),Solteiro(a),Ensino Superior Completo,Servidor Público,Paraíba,Muito Importante,Muito Importante,Muito Importante,Muito Importante,Muito Importante,Muito Importante,Muito Importante,Muito Importante,Muito Importante,Sociedade em Geral (Indivíduos),Poder Público,"Entre R\$ 101,00 e R\$ 200,00",Entre 1 e 5,Entre 1kg e 5kg,Entre 1 e 5,Entre 1 e 5,Entre 1kg e 5kg,0 (Zero),0 (Zero),Contribui igual,Médio,De 1 a 3 S.M.,0,0,0,0,0,0,0,1,0,0,0,0,0,0,0,1,0,0,0,0,0,0,1,0,0,0,0,0,1,0,0,0,0,0,0,0
Feminino,De 18 a 30 anos,Não tenho filhos(as),Solteiro(a),Ensino Superior Completo,Estudante,Centro,Muito Importante,Importante,Muito Importante,Muito Importante,Importante,Importante,Importante,Importante,Muito Importante,Poder Público,Sociedade em Geral (Indivíduos),"Entre R\$ 1,00 e R\$ 100,00",0 (Zero),0 kg (Zero),0 (Zero),0 (Zero),0 kg (Zero),0 (Zero),0 (Zero),Reduziu muito as contribuições,Muito Alto,De 1 a 3 S.M.,0,0,0,0,0,0,0,0,0,1,0,0,0,1,0,1,0,0,0,0,1,0,0,0,0,0,1,0,1,0,0,0,0,0,0,0
Feminino,De 18 a 30 anos,Somente filhos(as) biológicos,Casado(a),Ensino Superior Completo,Servidor Público,Penedo,Muito Importante,Muito Importante,Muito Importante,Muito Importante,Abstenção,Abstenção,Abstenção,Abstenção,Muito Importante,Sociedade em Geral (Indivíduos),Poder Público,"Entre R\$ 101,00 e R\$ 200,00",0 (Zero),Entre 1kg e 5kg,Entre 6 e 10,Entre 1 e 5,0 kg (Zero),0 (Zero),0 (Zero),Contribui igual,Médio,De 1 a 3 S.M.,0,0,0,0,0,0,0,0,0,0,0,0,0,1,0,0,0,0,0,0,0,0,1,0,0,0,1,0,0,0,0,0,0,0,0,0
Masculino,De 51 a 60 anos,Somente filhos(as) biológicos,Casado(a),Ensino Médio Completo,Autônomo ou Profissional Liberal,Maynard,Abstenção,Abstenção,Abstenção,Abstenção,Abstenção,Abstenção,Abstenção,Abstenção,Importante,Sociedade em Geral (Indivíduos),Poder Público,"R\$  0,00 (Zero)",0 (Zero),Entre 1kg e 5kg,Entre 6 e 10,Entre 1 e 5,Entre 6kg e 10kg,0 (Zero),0 (Zero),Reduziu muito as contribuições,Alto,De 3 a 5 S.M.,0,0,0,0,0,0,0,0,0,0,0,1,0,1,0,1,0,1,1,0,1,0,0,1,0,0,1,0,0,0,0,0,0,0,0,0
Feminino,De 18 a 30 anos,Não tenho filhos(as),Solteiro(a),Ensino Superior Completo,Autônomo ou Profissional Liberal,Centro,Muito Importante,Abstenção,Muito Importante,Muito Importante,Muito Importante,Abstenção,Muito Importante,Muito Importante,Muito Importante,Poder Público,Iniciativa Privada (Empresas),"R\$  0,00 (Zero)",0 (Zero),Entre 11kg e 15kg,Entre 1 e 5,Entre 1 e 5,0 kg (Zero),0 (Zero),0 (Zero),Reduziu muito as contribuições,Alto,De 1 a 3 S.M.,1,1,0,1,0,0,0,1,0,1,0,0,0,1,0,1,0,1,0,0,1,0,0,0,0,0,0,0,0,0,1,0,0,0,0,0
Feminino,De 31 a 40 anos,Não tenho filhos(as),Casado(a),Ensino Superior Completo,Autônomo ou Profissional Liberal,Maynard,Abstenção,Muito Importante,Importante,Abstenção,Abstenção,Importante,Abstenção,Abstenção,Muito Importante,Sociedade em Geral (Indivíduos),Poder Público,"Entre R\$ 101,00 e R\$ 200,00",0 (Zero),Entre 6kg e 10kg,Entre 11 e 15,Entre 1 e 5,Entre 6kg e 10kg,0 (Zero),4 (Quatro),Reduziu as contribuições,Muito Alto,De 3 a 5 S.M.,0,0,0,0,0,0,0,1,0,0,0,1,0,1,0,1,0,0,1,0,1,0,0,1,0,0,1,0,0,1,0,0,0,0,0,0
Feminino,De 31 a 40 anos,Somente filhos(as) biológicos,Solteiro(a),Ensino Superior Completo,Servidor Público,Paraíba,Muito Importante,Muito Importante,Muito Importante,Muito Importante,Muito Importante,Importante,Muito Importante,Muito Importante,Muito Importante,Sociedade em Geral (Indivíduos),Iniciativa Privada (Empresas),"Mais de R\$ 600,00",Entre 1 e 5,Entre 1kg e 5kg,Mais de 20,Entre 1 e 5,0 kg (Zero),0 (Zero),0 (Zero),Aumentou muito as contribuições,Alto,De 5 a 10 S.M.,0,0,0,0,0,1,0,1,1,1,0,0,0,1,0,1,0,0,0,1,1,0,0,0,1,1,1,1,1,1,1,1,1,1,1,1
Feminino,De 18 a 30 anos,Não tenho filhos(as),Solteiro(a),Ensino Médio Completo,Autônomo ou Profissional Liberal,Alto da Boa Vista,Abstenção,Abstenção,Abstenção,Abstenção,Abstenção,Abstenção,Abstenção,Abstenção,Abstenção,Sociedade em Geral (Indivíduos),Iniciativa Privada (Empresas),"R\$  0,00 (Zero)",0 (Zero),0 kg (Zero),0 (Zero),0 (Zero),0 kg (Zero),0 (Zero),0 (Zero),Reduziu muito as contribuições,Alto,De 1 a 3 S.M.,0,0,0,0,0,0,0,0,0,1,0,1,0,1,0,1,0,0,0,1,0,0,0,0,0,0,0,1,0,0,0,0,0,0,0,0
Feminino,De 18 a 30 anos,Não tenho filhos(as),Solteiro(a),Ensino Médio Completo,Estudante,Alto da Boa Vista,Muito Importante,Muito Importante,Muito Importante,Muito Importante,Muito Importante,Muito Importante,Muito Importante,Muito Importante,Muito Importante,Sociedade em Geral (Indivíduos),Iniciativa Privada (Empresas),"Entre R\$ 1,00 e R\$ 100,00",0 (Zero),Entre 1kg e 5kg,Entre 6 e 10,0 (Zero),Entre 1kg e 5kg,0 (Zero),0 (Zero),Aumentou as contribuições,Médio,Até 1 S.M.,0,0,0,0,0,0,0,0,0,1,0,1,0,1,1,1,1,0,0,0,1,0,0,0,0,0,1,0,0,1,0,0,0,0,0,0
Masculino,De 41 a 50 anos,Não tenho filhos(as),Solteiro(a),Ensino Superior Incompleto,Servidor Público,João XXIII,Muito Importante,Muito Importante,Muito Importante,Muito Importante,Importante,Muito Importante,Muito Importante,Importante,Importante,Sociedade em Geral (Indivíduos),Poder Público,"Entre R\$ 1,00 e R\$ 100,00",0 (Zero),Entre 1kg e 5kg,0 (Zero),Entre 1 e 5,Entre 1kg e 5kg,0 (Zero),0 (Zero),Contribui igual,Muito Alto,De 1 a 3 S.M.,0,0,1,0,0,0,0,0,0,1,0,0,0,1,0,1,0,0,0,0,0,0,0,1,1,1,1,1,1,1,1,1,1,1,1,1
Masculino,De 51 a 60 anos,Não tenho filhos(as),Solteiro(a),Ensino Superior Completo,Servidor Público,Centro,Muito Importante,Muito Importante,Muito Importante,Muito Importante,Muito Importante,Muito Importante,Muito Importante,Importante,Muito Importante,Poder Público,Sociedade em Geral (Indivíduos),"Entre R\$ 101,00 e R\$ 200,00",0 (Zero),0 kg (Zero),0 (Zero),Entre 1 e 5,Entre 6kg e 10kg,0 (Zero),0 (Zero),Aumentou as contribuições,Alto,De 5 a 10 S.M.,0,0,0,0,0,0,0,0,0,1,0,1,1,0,0,1,0,1,1,0,0,0,1,0,1,1,1,1,1,1,1,1,1,1,1,1
Feminino,De 18 a 30 anos,Somente filhos(as) biológicos,Casado(a),Ensino Superior Completo,Empregado na Iniciativa Privada,Centro,Muito Importante,Muito Importante,Muito Importante,Muito Importante,Muito Importante,Muito Importante,Muito Importante,Muito Importante,Muito Importante,Poder Público,Sociedade em Geral (Indivíduos),"Entre R\$ 1,00 e R\$ 100,00",0 (Zero),Entre 1kg e 5kg,Mais de 20,Entre 11 e 15,0 kg (Zero),Entre 6 e 10,0 (Zero),Reduziu muito as contribuições,Muito Alto,De 5 a 10 S.M.,1,1,0,0,1,1,1,1,1,0,0,1,1,1,0,0,0,0,0,1,0,1,0,0,1,0,0,0,0,0,1,0,0,1,0,1
Feminino,De 41 a 50 anos,Somente filhos(as) biológicos,Casado(a),Ensino Superior Completo,Servidor Público,Centro,Muito Importante,Muito Importante,Muito Importante,Muito Importante,Importante,Muito Importante,Muito Importante,Muito Importante,Muito Importante,Poder Público,Iniciativa Privada (Empresas),"Entre R\$ 101,00 e R\$ 200,00",0 (Zero),Entre 6kg e 10kg,Mais de 20,Entre 1 e 5,0 kg (Zero),Entre 6 e 10,0 (Zero),Aumentou as contribuições,Médio,De 5 a 10 S.M.,0,0,1,0,0,0,0,0,0,1,0,1,0,1,0,1,0,1,0,0,1,0,0,0,0,0,1,0,0,1,0,0,0,0,0,0
Feminino,Acima dos 60 anos,Somente filhos(as) biológicos,Casado(a),Ensino Superior Completo,Aposentado ou Pensionista,Centro,Muito Importante,Muito Importante,Muito Importante,Muito Importante,Muito Importante,Muito Importante,Muito Importante,Muito Importante,Muito Importante,Sociedade em Geral (Indivíduos),Poder Público,"Entre R\$ 201,00 e R\$ 300,00",0 (Zero),Entre 1kg e 5kg,Mais de 20,Entre 6 e 10,Entre 1kg e 5kg,0 (Zero),0 (Zero),Reduziu muito as contribuições,Muito Alto,De 3 a 5 S.M.,0,0,0,0,0,0,0,0,0,1,0,1,0,1,1,1,0,1,0,0,1,1,0,1,1,1,1,1,1,1,1,1,1,1,1,1
Feminino,De 18 a 30 anos,Não tenho filhos(as),Casado(a),Ensino Superior Completo,Estudante,Penedo,Abstenção,Abstenção,Muito Importante,Muito Importante,Abstenção,Abstenção,Abstenção,Abstenção,Abstenção,Sociedade em Geral (Indivíduos),Poder Público,"R\$  0,00 (Zero)",0 (Zero),0 kg (Zero),Entre 6 e 10,0 (Zero),0 kg (Zero),0 (Zero),0 (Zero),Aumentou as contribuições,Muito Alto,De 3 a 5 S.M.,0,0,0,0,0,0,0,0,0,0,0,0,0,0,0,1,0,0,0,1,0,0,0,0,0,0,1,0,0,0,1,0,0,0,0,0
Feminino,De 31 a 40 anos,Não tenho filhos(as),Solteiro(a),Ensino Superior Completo,Autônomo ou Profissional Liberal,Centro,Muito Importante,Importante,Muito Importante,Muito Importante,Muito Importante,Muito Importante,Muito Importante,Muito Importante,Muito Importante,Sociedade em Geral (Indivíduos),Poder Público,"R\$  0,00 (Zero)",Entre 1 e 5,Entre 6kg e 10kg,Entre 6 e 10,Entre 6 e 10,0 kg (Zero),Entre 1 e 5,0 (Zero),Contribui igual,Muito Alto,De 1 a 3 S.M.,0,0,0,0,0,0,0,0,0,1,1,0,1,1,0,1,0,1,1,0,0,0,0,0,0,0,1,0,1,1,0,0,0,0,0,0
Feminino,De 18 a 30 anos,Somente filhos(as) biológicos,União Estável,Ensino Médio Incompleto,Autônomo ou Profissional Liberal,Centro,Muito Importante,Importante,Muito Importante,Importante,Abstenção,Abstenção,Abstenção,Importante,Muito Importante,Iniciativa Privada (Empresas),Poder Público,"R\$  0,00 (Zero)",0 (Zero),Entre 1kg e 5kg,Entre 11 e 15,0 (Zero),0 kg (Zero),Entre 1 e 5,0 (Zero),Reduziu muito as contribuições,Médio,Até 1 S.M.,0,0,0,0,0,0,0,0,0,0,0,0,0,1,0,1,0,0,0,0,1,0,0,0,0,0,1,0,0,0,0,0,0,0,0,0
Feminino,De 41 a 50 anos,Somente filhos(as) biológicos,Casado(a),Ensino Superior Completo,Autônomo ou Profissional Liberal,Penedo,Muito Importante,Às vezes é Importante,Muito Importante,Muito Importante,Muito Importante,Muito Importante,Muito Importante,Às vezes é Importante,Mediana,Sociedade em Geral (Indivíduos),Poder Público,"Entre R\$ 201,00 e R\$ 300,00",0 (Zero),Entre 1kg e 5kg,Mais de 20,0 (Zero),0 kg (Zero),0 (Zero),0 (Zero),Contribui igual,Muito Alto,De 3 a 5 S.M.,0,0,0,0,0,0,0,0,0,1,0,0,0,0,0,1,0,0,0,1,0,0,1,0,0,0,1,0,0,0,0,1,0,0,0,0
Masculino,De 31 a 40 anos,Somente filhos(as) biológicos,Casado(a),Ensino Superior Completo,Servidor Público,Penedo,Muito Importante,Abstenção,Abstenção,Abstenção,Abstenção,Abstenção,Muito Importante,Muito Importante,Muito Importante,Iniciativa Privada (Empresas),Poder Público,"Entre R\$ 101,00 e R\$ 200,00",0 (Zero),Entre 1kg e 5kg,Entre 1 e 5,Entre 1 e 5,0 kg (Zero),Entre 1 e 5,0 (Zero),Contribui igual,Muito Alto,De 5 a 10 S.M.,0,0,0,0,0,0,0,0,0,1,0,0,0,0,0,0,0,1,0,0,1,0,0,0,1,1,1,1,1,1,1,1,1,1,1,1
Feminino,De 41 a 50 anos,Somente filhos(as) biológicos,Casado(a),Ensino Superior Completo,Servidor Público,Serrote Branco,Muito Importante,Muito Importante,Importante,Importante,Importante,Importante,Muito Importante,Importante,Muito Importante,Sociedade em Geral (Indivíduos),Iniciativa Privada (Empresas),"Entre R\$ 1,00 e R\$ 100,00",0 (Zero),Entre 1kg e 5kg,Entre 1 e 5,0 (Zero),0 kg (Zero),0 (Zero),0 (Zero),Contribui igual,Muito Alto,De 5 a 10 S.M.,0,0,0,0,0,0,0,0,0,1,0,0,1,0,0,0,0,0,1,1,0,0,0,0,1,1,1,1,1,1,1,1,1,1,1,1
Feminino,De 18 a 30 anos,Somente filhos(as) biológicos,Solteiro(a),Ensino Superior Completo,Servidor Público,Walfredo Gurgel,Muito Importante,Muito Importante,Muito Importante,Muito Importante,Muito Importante,Muito Importante,Muito Importante,Muito Importante,Muito Importante,Sociedade em Geral (Indivíduos),Poder Público,"R\$  0,00 (Zero)",0 (Zero),0 kg (Zero),0 (Zero),0 (Zero),0 kg (Zero),0 (Zero),0 (Zero),Contribui igual,Muito Alto,De 1 a 3 S.M.,0,0,0,0,0,0,0,0,0,1,0,0,0,1,0,1,0,0,0,1,1,0,0,0,0,0,0,0,0,0,0,1,0,0,0,0
Masculino,De 18 a 30 anos,Não tenho filhos(as),Solteiro(a),Ensino Médio Completo,Autônomo ou Profissional Liberal,Walfredo Gurgel,Muito Importante,Muito Importante,Muito Importante,Abstenção,Muito Importante,Muito Importante,Abstenção,Abstenção,Muito Importante,Sociedade em Geral (Indivíduos),Poder Público,"R\$  0,00 (Zero)",Entre 1 e 5,Entre 1kg e 5kg,Entre 1 e 5,Entre 1 e 5,Entre 1kg e 5kg,Entre 1 e 5,0 (Zero),Contribui igual,Muito Baixo,De 1 a 3 S.M.,0,0,0,0,0,1,0,0,0,1,0,0,0,0,0,1,1,0,0,0,1,0,0,0,0,0,0,1,1,0,0,0,0,0,0,0
Feminino,De 41 a 50 anos,Somente filhos(as) biológicos,Solteiro(a),Ensino Médio Completo,Servidor Público,Castelo Branco,Importante,Importante,Importante,Muito Importante,Abstenção,Importante,Muito Importante,Abstenção,Muito Importante,Iniciativa Privada (Empresas),Poder Público,"Entre R\$ 301,00 e R\$ 400,00",0 (Zero),0 kg (Zero),Entre 1 e 5,Entre 1 e 5,0 kg (Zero),Entre 1 e 5,0 (Zero),Reduziu as contribuições,Médio,Até 1 S.M.,0,0,0,1,0,0,0,0,0,0,0,0,0,0,0,1,0,0,0,0,1,0,0,0,0,0,1,0,0,0,0,0,0,0,0,0
Masculino,De 18 a 30 anos,Não tenho filhos(as),Solteiro(a),Ensino Médio Completo,Estudante,Centro,Muito Importante,Muito Importante,Importante,Mediana,Muito Importante,Importante,Muito Importante,Importante,Muito Importante,Sociedade em Geral (Indivíduos),Poder Público,"R\$  0,00 (Zero)",0 (Zero),0 kg (Zero),Mais de 20,0 (Zero),0 kg (Zero),Entre 11 e 15,0 (Zero),Reduziu muito as contribuições,Médio,De 3 a 5 S.M.,0,0,0,0,0,0,0,0,0,1,0,0,0,1,0,1,0,1,0,1,1,0,1,1,0,0,0,0,0,0,0,0,0,1,1,1
Feminino,De 41 a 50 anos,Não tenho filhos(as),União Estável,Ensino Superior Completo,Servidor Público,Penedo,Muito Importante,Muito Importante,Muito Importante,Muito Importante,Muito Importante,Muito Importante,Importante,Importante,Muito Importante,Sociedade em Geral (Indivíduos),Poder Público,"Entre R\$ 1,00 e R\$ 100,00",0 (Zero),Entre 6kg e 10kg,0 (Zero),Entre 1 e 5,0 kg (Zero),Entre 1 e 5,0 (Zero),Reduziu muito as contribuições,Alto,De 5 a 10 S.M.,0,0,0,0,0,0,0,0,0,1,0,0,1,1,0,1,0,0,0,1,0,0,1,0,0,0,0,0,0,0,1,0,0,0,1,0
Masculino,De 41 a 50 anos,Somente filhos(as) biológicos,Divorciado(a),Ensino Médio Completo,Servidor Público,Barra Nova,Muito Importante,Muito Importante,Muito Importante,Abstenção,Abstenção,Abstenção,Abstenção,Abstenção,Muito Importante,Sociedade em Geral (Indivíduos),Poder Público,"Entre R\$ 1,00 e R\$ 100,00",Entre 1 e 5,Entre 11kg e 15kg,Entre 6 e 10,Entre 6 e 10,Entre 1kg e 5kg,Entre 6 e 10,0 (Zero),Aumentou as contribuições,Muito Alto,De 3 a 5 S.M.,0,0,0,1,0,0,0,1,0,0,0,1,0,0,0,1,0,1,0,0,1,0,0,0,0,0,1,0,0,1,0,0,0,0,0,0
Feminino,De 41 a 50 anos,Somente filhos(as) biológicos,Solteiro(a),Ensino Superior Completo,Servidor Público,Soledade,Muito Importante,Muito Importante,Muito Importante,Muito Importante,Muito Importante,Muito Importante,Muito Importante,Muito Importante,Muito Importante,Sociedade em Geral (Indivíduos),Poder Público,"Entre R\$ 101,00 e R\$ 200,00",0 (Zero),Entre 1kg e 5kg,Mais de 20,Entre 6 e 10,0 kg (Zero),0 (Zero),0 (Zero),Reduziu as contribuições,Muito Alto,De 1 a 3 S.M.,0,0,0,0,0,0,0,0,0,0,0,0,0,0,0,1,0,0,1,0,0,0,0,0,0,0,1,0,0,0,0,0,0,0,0,0
Feminino,De 51 a 60 anos,Somente filhos(as) biológicos,Divorciado(a),Ensino Superior Completo,Servidor Público,Samanaú,Muito Importante,Muito Importante,Muito Importante,Muito Importante,Muito Importante,Muito Importante,Muito Importante,Muito Importante,Muito Importante,Sociedade em Geral (Indivíduos),Poder Público,"Entre R\$ 1,00 e R\$ 100,00",Entre 1 e 5,Entre 11kg e 15kg,Entre 6 e 10,Entre 1 e 5,Entre 6kg e 10kg,0 (Zero),0 (Zero),Reduziu muito as contribuições,Muito Alto,De 3 a 5 S.M.,1,0,1,0,0,0,0,0,0,1,0,1,1,1,0,1,0,0,1,1,0,1,0,0,0,0,1,0,0,1,0,0,0,0,0,0
Feminino,De 18 a 30 anos,Não tenho filhos(as),Solteiro(a),Ensino Médio Completo,Empregado na Iniciativa Privada,Adjunto Dias,Muito Importante,Muito Importante,Muito Importante,Muito Importante,Muito Importante,Muito Importante,Muito Importante,Muito Importante,Muito Importante,Sociedade em Geral (Indivíduos),Poder Público,"Entre R\$ 1,00 e R\$ 100,00",0 (Zero),Entre 1kg e 5kg,Entre 11 e 15,0 (Zero),Entre 1kg e 5kg,0 (Zero),0 (Zero),Aumentou as contribuições,Muito Alto,De 1 a 3 S.M.,0,0,1,0,0,0,0,0,0,1,0,0,0,1,0,1,0,0,0,0,1,0,0,0,0,0,1,0,1,1,0,0,0,0,0,0
Feminino,De 31 a 40 anos,Somente filhos(as) biológicos,Solteiro(a),Ensino Superior Incompleto,Servidor Público,Barra Nova,Importante,Abstenção,Importante,Importante,Importante,Importante,Abstenção,Importante,Importante,Sociedade em Geral (Indivíduos),Poder Público,"R\$  0,00 (Zero)",Entre 1 e 5,Entre 1kg e 5kg,Entre 16 e 20,Entre 16 e 20,0 kg (Zero),0 (Zero),0 (Zero),Aumentou as contribuições,Muito Alto,De 1 a 3 S.M.,0,0,0,0,0,0,1,0,0,0,0,0,1,0,0,1,0,0,1,1,0,0,0,1,0,0,1,0,0,0,0,0,0,0,0,0
Feminino,De 18 a 30 anos,Não tenho filhos(as),Solteiro(a),Ensino Superior Completo,Autônomo ou Profissional Liberal,Paulo VI,Muito Importante,Muito Importante,Muito Importante,Muito Importante,Importante,Muito Importante,Muito Importante,Muito Importante,Muito Importante,Iniciativa Privada (Empresas),Poder Público,"R\$  0,00 (Zero)",0 (Zero),Entre 11kg e 15kg,Mais de 20,0 (Zero),0 kg (Zero),0 (Zero),0 (Zero),Reduziu as contribuições,Muito Alto,De 3 a 5 S.M.,0,0,0,0,0,0,0,0,0,0,0,0,1,1,0,1,0,0,0,1,0,1,0,0,0,0,1,0,0,1,0,0,0,0,0,0
Feminino,De 18 a 30 anos,Não tenho filhos(as),Solteiro(a),Ensino Médio Completo,Empregado na Iniciativa Privada,Adjunto Dias,Muito Importante,Muito Importante,Muito Importante,Muito Importante,Muito Importante,Muito Importante,Muito Importante,Muito Importante,Muito Importante,Sociedade em Geral (Indivíduos),Poder Público,"Entre R\$ 1,00 e R\$ 100,00",0 (Zero),Entre 1kg e 5kg,Entre 1 e 5,Entre 1 e 5,Entre 1kg e 5kg,Entre 1 e 5,0 (Zero),Reduziu as contribuições,Médio,Até 1 S.M.,0,0,0,0,0,0,0,0,0,0,0,0,0,1,0,0,0,0,0,1,0,1,0,0,1,1,1,0,1,0,0,0,0,1,0,0
Feminino,De 18 a 30 anos,Somente filhos(as) biológicos,União Estável,Ensino Superior Incompleto,Estudante,Vila Altiva,Muito Importante,Mediana,Importante,Muito Importante,Mediana,Importante,Importante,Muito Importante,Muito Importante,Sociedade em Geral (Indivíduos),Poder Público,"R\$  0,00 (Zero)",0 (Zero),0 kg (Zero),0 (Zero),0 (Zero),0 kg (Zero),0 (Zero),3 (Três),Contribui igual,Muito Alto,De 1 a 3 S.M.,0,0,0,0,0,0,0,0,0,0,0,0,0,1,0,0,0,0,0,0,1,0,0,0,0,0,0,0,0,0,0,1,0,0,0,0
Feminino,De 31 a 40 anos,Somente filhos(as) biológicos,União Estável,Ensino Fundamental Incompleto,Do Lar,Recreio,Abstenção,Muito Importante,Abstenção,Abstenção,Abstenção,Abstenção,Abstenção,Abstenção,Abstenção,Iniciativa Privada (Empresas),Sociedade em Geral (Indivíduos),"R\$  0,00 (Zero)",0 (Zero),0 kg (Zero),Entre 1 e 5,0 (Zero),0 kg (Zero),0 (Zero),0 (Zero),Reduziu muito as contribuições,Muito Alto,Até 1 S.M.,0,0,0,0,0,0,0,0,0,0,0,0,0,0,0,1,0,0,1,0,0,0,0,0,0,0,0,0,0,0,0,1,0,0,0,0
Feminino,De 31 a 40 anos,Somente filhos(as) biológicos,Casado(a),Ensino Fundamental Incompleto,Do Lar,Paulo VI,Muito Importante,Muito Importante,Muito Importante,Muito Importante,Muito Importante,Importante,Muito Importante,Muito Importante,Muito Importante,Sociedade em Geral (Indivíduos),Iniciativa Privada (Empresas),"Entre R\$ 1,00 e R\$ 100,00",Entre 1 e 5,Entre 16kg e 20kg,Entre 1 e 5,0 (Zero),0 kg (Zero),Entre 1 e 5,2 (Duas),Contribui igual,Médio,De 1 a 3 S.M.,0,0,0,0,0,0,0,1,0,1,0,0,0,0,1,1,1,1,0,0,0,0,0,1,0,0,0,0,0,1,0,0,0,0,0,0
Feminino,De 31 a 40 anos,Somente filhos(as) biológicos,Casado(a),Ensino Médio Completo,Servidor Público,Paulo VI,Muito Importante,Muito Importante,Muito Importante,Muito Importante,Muito Importante,Muito Importante,Muito Importante,Muito Importante,Muito Importante,Sociedade em Geral (Indivíduos),Poder Público,"R\$  0,00 (Zero)",0 (Zero),Entre 6kg e 10kg,Entre 16 e 20,Entre 6 e 10,0 kg (Zero),Entre 6 e 10,0 (Zero),Reduziu muito as contribuições,Médio,De 1 a 3 S.M.,0,0,0,0,0,0,0,0,0,1,0,1,0,1,1,1,1,1,0,0,0,0,0,1,0,0,1,0,0,0,0,0,0,0,1,0
Feminino,De 41 a 50 anos,Somente filhos(as) biológicos,Casado(a),Ensino Médio Completo,Autônomo ou Profissional Liberal,Salvino Santos,Muito Importante,Abstenção,Abstenção,Muito Importante,Abstenção,Abstenção,Abstenção,Abstenção,Muito Importante,Poder Público,Iniciativa Privada (Empresas),"Entre R\$ 201,00 e R\$ 300,00",0 (Zero),Entre 1kg e 5kg,Mais de 20,Entre 1 e 5,0 kg (Zero),0 (Zero),0 (Zero),Contribui igual,Alto,De 3 a 5 S.M.,1,0,0,0,0,0,0,0,0,0,0,0,0,0,0,1,1,0,0,0,1,0,0,0,1,1,1,1,1,1,1,1,1,1,1,1
Feminino,De 18 a 30 anos,Somente filhos(as) biológicos,Solteiro(a),Ensino Médio Completo,Estudante,Barra Nova,Importante,Importante,Importante,Importante,Mediana,Importante,Importante,Importante,Importante,Sociedade em Geral (Indivíduos),Poder Público,"Entre R\$ 1,00 e R\$ 100,00",0 (Zero),Entre 1kg e 5kg,Mais de 20,Entre 6 e 10,Entre 16kg e 20kg,Mais de 20,0 (Zero),Aumentou as contribuições,Muito Alto,Até 1 S.M.,0,0,1,0,0,0,0,0,0,1,0,1,0,1,0,0,0,1,1,0,1,0,0,0,0,1,0,0,1,0,0,1,0,1,0,0
Masculino,De 41 a 50 anos,Somente filhos(as) adotados/criação,Solteiro(a),Ensino Superior Completo,Servidor Público,Paulo VI,Abstenção,Abstenção,Muito Importante,Abstenção,Abstenção,Abstenção,Abstenção,Abstenção,Abstenção,Poder Público,Sociedade em Geral (Indivíduos),"Entre R\$ 1,00 e R\$ 100,00",Entre 1 e 5,Mais de 20kg,Entre 6 e 10,Entre 6 e 10,0 kg (Zero),Entre 11 e 15,3 (Três),Reduziu as contribuições,Muito Baixo,De 1 a 3 S.M.,0,0,0,0,0,0,0,1,0,1,0,0,0,0,0,0,0,0,0,0,1,0,0,0,0,0,0,0,0,1,0,0,0,0,0,0
Feminino,De 31 a 40 anos,Somente filhos(as) biológicos,Solteiro(a),Ensino Superior Completo,Servidor Público,Paulo VI,Importante,Importante,Importante,Importante,Importante,Importante,Importante,Importante,Importante,Sociedade em Geral (Indivíduos),Poder Público,"Entre R\$ 201,00 e R\$ 300,00",Entre 1 e 5,0 kg (Zero),Mais de 20,Entre 6 e 10,0 kg (Zero),Mais de 20,0 (Zero),Reduziu muito as contribuições,Alto,De 1 a 3 S.M.,0,0,0,0,0,0,0,0,0,0,0,0,1,1,0,0,0,0,1,0,0,0,0,0,1,0,1,0,1,1,0,0,0,0,0,0
Feminino,De 31 a 40 anos,Somente filhos(as) biológicos,Casado(a),Ensino Médio Incompleto,Do Lar,Nova Caicó,Muito Importante,Importante,Muito Importante,Muito Importante,Muito Importante,Importante,Importante,Muito Importante,Muito Importante,Iniciativa Privada (Empresas),Poder Público,"R\$  0,00 (Zero)",0 (Zero),0 kg (Zero),0 (Zero),0 (Zero),0 kg (Zero),0 (Zero),0 (Zero),Reduziu muito as contribuições,Baixo,Até 1 S.M.,0,0,0,0,0,0,0,0,0,1,0,0,0,0,0,1,0,0,0,0,0,1,0,1,0,0,1,0,0,0,0,0,0,0,0,0
Masculino,De 41 a 50 anos,Somente filhos(as) biológicos,Casado(a),Ensino Superior Completo,Servidor Público,Paulo VI,Muito Importante,Muito Importante,Muito Importante,Muito Importante,Muito Importante,Muito Importante,Muito Importante,Muito Importante,Muito Importante,Sociedade em Geral (Indivíduos),Iniciativa Privada (Empresas),"Entre R\$ 1,00 e R\$ 100,00",0 (Zero),Entre 6kg e 10kg,Entre 16 e 20,0 (Zero),0 kg (Zero),0 (Zero),0 (Zero),Contribui igual,Médio,De 3 a 5 S.M.,0,0,0,0,0,0,0,1,0,1,0,1,0,1,0,1,0,1,0,0,1,1,0,1,1,0,0,0,0,1,1,0,1,0,1,1
Masculino,De 31 a 40 anos,Somente filhos(as) biológicos,União Estável,Ensino Superior Completo,Servidor Público,Maynard,Muito Importante,Muito Importante,Muito Importante,Muito Importante,Mediana,Importante,Muito Importante,Importante,Muito Importante,Poder Público,Iniciativa Privada (Empresas),"R\$  0,00 (Zero)",0 (Zero),Entre 6kg e 10kg,Entre 6 e 10,Entre 6 e 10,0 kg (Zero),0 (Zero),2 (Duas),Reduziu muito as contribuições,Baixo,De 5 a 10 S.M.,0,0,0,0,0,0,0,1,0,1,0,1,0,1,0,1,1,1,0,1,0,0,1,0,1,1,0,0,0,1,1,1,0,1,1,1
Masculino,De 31 a 40 anos,Não tenho filhos(as),Solteiro(a),Ensino Médio Completo,Autônomo ou Profissional Liberal,Walfredo Gurgel,Muito Importante,Muito Importante,Abstenção,Abstenção,Abstenção,Abstenção,Abstenção,Abstenção,Muito Importante,Sociedade em Geral (Indivíduos),Poder Público,"Entre R\$ 1,00 e R\$ 100,00",0 (Zero),Mais de 20kg,0 (Zero),0 (Zero),Mais de 20kg,0 (Zero),0 (Zero),Reduziu as contribuições,Muito Baixo,Até 1 S.M.,0,0,0,0,0,0,0,0,0,1,0,0,0,0,0,0,0,1,1,0,0,0,0,0,0,0,0,0,0,1,0,0,0,0,1,0
Feminino,De 51 a 60 anos,Não tenho filhos(as),Divorciado(a),Ensino Superior Completo,Servidor Público,Paraíba,Muito Importante,Muito Importante,Muito Importante,Muito Importante,Abstenção,Muito Importante,Abstenção,Abstenção,Muito Importante,Sociedade em Geral (Indivíduos),Poder Público,"Entre R\$ 301,00 e R\$ 400,00",0 (Zero),0 kg (Zero),0 (Zero),0 (Zero),0 kg (Zero),0 (Zero),0 (Zero),Reduziu as contribuições,Médio,De 1 a 3 S.M.,0,0,0,0,0,0,0,0,0,1,0,1,0,0,0,1,0,0,0,0,1,0,1,0,0,0,1,0,0,0,0,0,0,0,1,0
Masculino,De 51 a 60 anos,Somente filhos(as) biológicos,União Estável,Ensino Médio Incompleto,Servidor Público,Boa Passagem,Muito Importante,Muito Importante,Muito Importante,Muito Importante,Muito Importante,Muito Importante,Muito Importante,Muito Importante,Muito Importante,Iniciativa Privada (Empresas),Poder Público,"R\$  0,00 (Zero)",0 (Zero),0 kg (Zero),0 (Zero),0 (Zero),Mais de 20kg,0 (Zero),0 (Zero),Reduziu muito as contribuições,Alto,De 5 a 10 S.M.,0,0,0,0,0,0,0,1,0,1,1,0,1,0,0,1,0,0,0,0,1,0,0,0,0,0,1,0,0,0,0,0,0,0,0,0
Masculino,De 18 a 30 anos,Não tenho filhos(as),Solteiro(a),Ensino Médio Incompleto,Empregado na Iniciativa Privada,Recreio,Muito Importante,Muito Importante,Abstenção,Abstenção,Muito Importante,Abstenção,Muito Importante,Abstenção,Muito Importante,Sociedade em Geral (Indivíduos),Poder Público,"R\$  0,00 (Zero)",0 (Zero),0 kg (Zero),0 (Zero),0 (Zero),0 kg (Zero),0 (Zero),0 (Zero),Contribui igual,Baixo,Até 1 S.M.,0,0,0,0,0,0,0,0,0,1,0,1,0,1,0,0,0,1,0,1,0,0,0,0,0,0,0,0,1,0,0,0,0,0,0,0
Masculino,De 18 a 30 anos,Não tenho filhos(as),Solteiro(a),Ensino Fundamental Completo,Estudante,Boa Passagem,Abstenção,Muito Importante,Abstenção,Abstenção,Abstenção,Muito Importante,Abstenção,Abstenção,Abstenção,Sociedade em Geral (Indivíduos),Poder Público,"R\$  0,00 (Zero)",0 (Zero),Entre 1kg e 5kg,0 (Zero),0 (Zero),0 kg (Zero),0 (Zero),0 (Zero),Reduziu muito as contribuições,Muito Alto,Até 1 S.M.,0,0,0,0,0,0,0,0,0,1,0,0,0,1,0,1,0,0,0,1,1,0,0,0,0,0,0,0,1,0,0,0,0,0,0,0
Feminino,De 18 a 30 anos,Não tenho filhos(as),Solteiro(a),Ensino Médio Incompleto,Estudante,João Paulo II,Abstenção,Muito Importante,Muito Importante,Abstenção,Muito Importante,Muito Importante,Abstenção,Abstenção,Muito Importante,Sociedade em Geral (Indivíduos),Poder Público,"Entre R\$ 101,00 e R\$ 200,00",0 (Zero),0 kg (Zero),0 (Zero),0 (Zero),Entre 1kg e 5kg,Mais de 20,0 (Zero),Contribui igual,Médio,De 1 a 3 S.M.,0,0,0,1,0,1,0,0,0,0,0,0,1,1,0,0,0,0,1,1,0,1,0,0,1,0,1,0,0,0,0,1,0,0,1,0
Feminino,De 31 a 40 anos,Somente filhos(as) biológicos,Solteiro(a),Ensino Superior Completo,Servidor Público,Walfredo Gurgel,Muito Importante,Muito Importante,Muito Importante,Muito Importante,Muito Importante,Muito Importante,Muito Importante,Muito Importante,Muito Importante,Poder Público,Iniciativa Privada (Empresas),"Entre R\$ 1,00 e R\$ 100,00",0 (Zero),Entre 1kg e 5kg,Entre 1 e 5,0 (Zero),Entre 1kg e 5kg,Entre 1 e 5,0 (Zero),Aumentou as contribuições,Muito Alto,De 1 a 3 S.M.,0,0,0,0,0,0,0,0,0,1,0,0,0,0,0,0,0,0,0,1,0,0,0,0,0,0,0,0,0,0,1,0,0,0,0,0
Feminino,De 41 a 50 anos,Somente filhos(as) biológicos,União Estável,Ensino Médio Completo,Do Lar,Walfredo Gurgel,Muito Importante,Abstenção,Muito Importante,Muito Importante,Abstenção,Abstenção,Abstenção,Abstenção,Muito Importante,Sociedade em Geral (Indivíduos),Poder Público,"Entre R\$ 101,00 e R\$ 200,00",0 (Zero),Entre 6kg e 10kg,Entre 1 e 5,Entre 1 e 5,Entre 1kg e 5kg,0 (Zero),0 (Zero),Aumentou as contribuições,Alto,De 1 a 3 S.M.,0,0,0,0,0,0,0,0,0,1,0,0,1,0,0,1,0,0,1,0,1,0,0,0,0,0,0,0,0,1,0,0,0,0,0,0
Feminino,De 41 a 50 anos,Somente filhos(as) biológicos,Casado(a),Ensino Superior Completo,Servidor Público,Boa Passagem,Importante,Importante,Mediana,Importante,Importante,Mediana,Importante,Importante,Importante,Sociedade em Geral (Indivíduos),Poder Público,"Entre R\$ 201,00 e R\$ 300,00",0 (Zero),Entre 1kg e 5kg,Entre 16 e 20,Entre 1 e 5,0 kg (Zero),Mais de 20,0 (Zero),Aumentou muito as contribuições,Muito Alto,De 1 a 3 S.M.,0,0,0,0,0,0,0,0,0,1,0,1,0,1,0,1,1,1,0,0,1,0,0,0,1,1,1,0,0,1,0,0,1,0,0,0
Feminino,De 31 a 40 anos,Não tenho filhos(as),Casado(a),Ensino Superior Completo,Servidor Público,Boa Passagem,Muito Importante,Muito Importante,Muito Importante,Muito Importante,Muito Importante,Muito Importante,Muito Importante,Muito Importante,Muito Importante,Iniciativa Privada (Empresas),Poder Público,"R\$  0,00 (Zero)",Mais de 20,0 kg (Zero),0 (Zero),0 (Zero),0 kg (Zero),0 (Zero),1 (Uma),Aumentou muito as contribuições,Alto,De 1 a 3 S.M.,0,0,0,0,0,0,0,0,0,1,1,1,1,1,1,1,1,1,1,0,0,0,0,0,1,1,1,1,1,1,1,1,1,1,1,1
Feminino,De 41 a 50 anos,Somente filhos(as) biológicos,União Estável,Ensino Médio Completo,Autônomo ou Profissional Liberal,Walfredo Gurgel,Muito Importante,Muito Importante,Muito Importante,Muito Importante,Muito Importante,Muito Importante,Muito Importante,Muito Importante,Muito Importante,Iniciativa Privada (Empresas),Poder Público,"Entre R\$ 1,00 e R\$ 100,00",0 (Zero),Entre 6kg e 10kg,Entre 1 e 5,Entre 6 e 10,Entre 6kg e 10kg,Entre 1 e 5,0 (Zero),Aumentou as contribuições,Alto,De 1 a 3 S.M.,0,0,0,0,0,0,0,0,0,0,0,1,0,0,0,1,0,0,0,0,0,0,0,1,0,0,1,0,0,0,0,1,0,0,0,1
Masculino,De 18 a 30 anos,Não tenho filhos(as),Solteiro(a),Ensino Médio Completo,Empregado na Iniciativa Privada,João Paulo II,Muito Importante,Muito Importante,Muito Importante,Abstenção,Muito Importante,Muito Importante,Abstenção,Muito Importante,Muito Importante,Sociedade em Geral (Indivíduos),Poder Público,"Entre R\$ 1,00 e R\$ 100,00",0 (Zero),0 kg (Zero),0 (Zero),0 (Zero),0 kg (Zero),0 (Zero),0 (Zero),Contribui igual,Médio,De 1 a 3 S.M.,0,0,0,0,0,0,0,0,0,0,0,0,0,1,0,1,0,0,0,1,0,1,0,1,0,0,1,0,0,0,0,0,0,1,1,0
Masculino,De 31 a 40 anos,Somente filhos(as) biológicos,Casado(a),Ensino Médio Completo,Empregado na Iniciativa Privada,Boa Passagem,Muito Importante,Muito Importante,Muito Importante,Muito Importante,Importante,Importante,Muito Importante,Muito Importante,Muito Importante,Sociedade em Geral (Indivíduos),Poder Público,"Entre R\$ 1,00 e R\$ 100,00",0 (Zero),Entre 1kg e 5kg,0 (Zero),0 (Zero),Entre 1kg e 5kg,0 (Zero),1 (Uma),Aumentou as contribuições,Médio,De 1 a 3 S.M.,0,0,0,0,0,0,0,0,0,0,0,0,0,0,0,0,0,1,0,0,0,0,0,1,0,0,1,0,0,0,0,0,0,0,0,0
Feminino,De 41 a 50 anos,Somente filhos(as) biológicos,Casado(a),Ensino Médio Completo,Servidor Público,Boa Passagem,Muito Importante,Muito Importante,Muito Importante,Abstenção,Abstenção,Abstenção,Abstenção,Abstenção,Muito Importante,Sociedade em Geral (Indivíduos),Poder Público,"Entre R\$ 1,00 e R\$ 100,00",Entre 1 e 5,Entre 1kg e 5kg,Entre 1 e 5,0 (Zero),0 kg (Zero),0 (Zero),0 (Zero),Aumentou as contribuições,Muito Baixo,De 1 a 3 S.M.,0,0,0,0,0,0,0,0,0,0,0,0,0,0,0,1,0,1,0,1,1,0,0,0,0,0,0,0,0,0,1,0,0,0,0,0
Masculino,De 41 a 50 anos,Somente filhos(as) biológicos,Casado(a),Ensino Fundamental Completo,Autônomo ou Profissional Liberal,IPE - Jardim Satélite,Abstenção,Abstenção,Abstenção,Muito Importante,Abstenção,Abstenção,Abstenção,Abstenção,Abstenção,Sociedade em Geral (Indivíduos),Poder Público,"R\$  0,00 (Zero)",0 (Zero),Entre 1kg e 5kg,Entre 1 e 5,Entre 1 e 5,0 kg (Zero),0 (Zero),0 (Zero),Aumentou muito as contribuições,Baixo,De 1 a 3 S.M.,0,0,0,0,0,0,0,0,0,0,0,0,0,0,0,0,0,1,0,0,1,0,0,0,0,0,0,0,1,0,0,0,0,0,0,0
Feminino,De 41 a 50 anos,Somente filhos(as) biológicos,Viúvo(a),Ensino Superior Incompleto,Servidor Público,Samanaú,Muito Importante,Muito Importante,Importante,Importante,Importante,Importante,Importante,Importante,Muito Importante,Sociedade em Geral (Indivíduos),Poder Público,"Entre R\$ 1,00 e R\$ 100,00",0 (Zero),Entre 1kg e 5kg,0 (Zero),Entre 1 e 5,Entre 1kg e 5kg,0 (Zero),0 (Zero),Aumentou muito as contribuições,Muito Baixo,De 3 a 5 S.M.,1,0,0,0,0,0,0,1,0,0,0,0,0,0,0,1,0,0,0,0,1,0,0,0,0,0,1,0,0,0,0,0,0,0,0,0
Masculino,De 31 a 40 anos,Somente filhos(as) biológicos,Casado(a),Ensino Superior Completo,Empregado na Iniciativa Privada,Castelo Branco,Importante,Importante,Muito Importante,Muito Importante,Importante,Muito Importante,Importante,Importante,Muito Importante,Poder Público,Sociedade em Geral (Indivíduos),"Entre R\$ 101,00 e R\$ 200,00",Mais de 20,Mais de 20kg,Entre 6 e 10,Entre 1 e 5,Entre 1kg e 5kg,Entre 1 e 5,1 (Uma),Contribui igual,Muito Alto,Até 1 S.M.,0,0,0,0,0,0,0,1,0,0,0,0,0,0,0,0,1,0,0,0,0,0,1,0,0,0,1,0,0,0,0,0,0,0,0,0
Masculino,De 18 a 30 anos,Não tenho filhos(as),União Estável,Ensino Superior Completo,Empregado na Iniciativa Privada,Samanaú,Muito Importante,Muito Importante,Muito Importante,Muito Importante,Abstenção,Muito Importante,Abstenção,Muito Importante,Muito Importante,Sociedade em Geral (Indivíduos),Iniciativa Privada (Empresas),"R\$  0,00 (Zero)",Entre 1 e 5,Entre 1kg e 5kg,Entre 1 e 5,Entre 1 e 5,Entre 1kg e 5kg,0 (Zero),0 (Zero),Aumentou as contribuições,Médio,De 1 a 3 S.M.,0,0,1,0,0,0,0,0,0,0,0,1,0,1,0,1,0,1,0,1,1,0,0,0,1,0,1,0,0,0,0,0,0,0,0,0
Masculino,De 31 a 40 anos,Não tenho filhos(as),Solteiro(a),Ensino Fundamental Completo,Desempregado,Santa Costa,Muito Importante,Muito Importante,Muito Importante,Muito Importante,Importante,Muito Importante,Muito Importante,Muito Importante,Muito Importante,Sociedade em Geral (Indivíduos),Poder Público,"R\$  0,00 (Zero)",0 (Zero),Entre 1kg e 5kg,Entre 6 e 10,0 (Zero),Entre 16kg e 20kg,0 (Zero),0 (Zero),Contribui igual,Médio,Até 1 S.M.,0,0,1,0,0,0,1,0,0,1,0,0,0,1,0,1,0,0,0,0,1,0,0,0,1,1,1,1,1,1,1,1,1,1,1,1
Masculino,De 18 a 30 anos,Não tenho filhos(as),Solteiro(a),Ensino Superior Completo,Servidor Público,Boa Passagem,Muito Importante,Muito Importante,Muito Importante,Muito Importante,Muito Importante,Muito Importante,Muito Importante,Muito Importante,Muito Importante,Sociedade em Geral (Indivíduos),Poder Público,"R\$  0,00 (Zero)",0 (Zero),Entre 1kg e 5kg,Entre 6 e 10,0 (Zero),0 kg (Zero),0 (Zero),0 (Zero),Aumentou muito as contribuições,Médio,De 1 a 3 S.M.,0,0,0,0,0,1,0,0,0,1,0,1,0,1,0,1,0,1,1,0,0,0,0,0,1,1,1,1,1,1,1,1,1,1,1,1
Masculino,De 41 a 50 anos,Tenho filhos(as) biológicos e adotados/criação,União Estável,Ensino Médio Completo,Empregado na Iniciativa Privada,Canuto e Filhos,Muito Importante,Muito Importante,Muito Importante,Abstenção,Abstenção,Abstenção,Abstenção,Abstenção,Muito Importante,Poder Público,Sociedade em Geral (Indivíduos),"Entre R\$ 1,00 e R\$ 100,00",0 (Zero),Entre 1kg e 5kg,0 (Zero),0 (Zero),Entre 1kg e 5kg,0 (Zero),0 (Zero),Contribui igual,Baixo,De 1 a 3 S.M.,1,0,1,1,0,0,0,1,0,0,0,0,0,0,0,1,0,0,0,1,0,0,0,0,0,0,1,0,0,0,0,0,0,0,0,0
Feminino,De 18 a 30 anos,Não tenho filhos(as),Casado(a),Ensino Médio Completo,Autônomo ou Profissional Liberal,Recreio,Muito Importante,Muito Importante,Muito Importante,Importante,Importante,Importante,Muito Importante,Importante,Muito Importante,Poder Público,Iniciativa Privada (Empresas),"Entre R\$ 1,00 e R\$ 100,00",0 (Zero),Entre 1kg e 5kg,Entre 11 e 15,0 (Zero),Entre 6kg e 10kg,0 (Zero),0 (Zero),Contribui igual,Médio,Até 1 S.M.,0,0,0,0,0,0,0,0,0,0,1,0,0,0,0,1,0,0,0,1,0,0,0,0,0,1,0,0,1,0,0,0,0,0,0,0
Masculino,De 31 a 40 anos,Não tenho filhos(as),Solteiro(a),Ensino Médio Completo,Empregado na Iniciativa Privada,Soledade,Importante,Muito Importante,Importante,Muito Importante,Importante,Muito Importante,Muito Importante,Importante,Muito Importante,Sociedade em Geral (Indivíduos),Iniciativa Privada (Empresas),"R\$  0,00 (Zero)",0 (Zero),0 kg (Zero),0 (Zero),0 (Zero),0 kg (Zero),0 (Zero),0 (Zero),Reduziu muito as contribuições,Muito Baixo,Até 1 S.M.,0,0,0,0,0,0,0,0,0,0,1,0,0,0,0,0,0,0,0,0,1,0,0,0,0,0,0,0,1,0,0,0,0,0,0,0
Masculino,De 31 a 40 anos,Tenho filhos(as) biológicos e adotados/criação,Solteiro(a),Ensino Médio Completo,Autônomo ou Profissional Liberal,Nova Caicó,Muito Importante,Importante,Muito Importante,Muito Importante,Abstenção,Abstenção,Abstenção,Importante,Muito Importante,Iniciativa Privada (Empresas),Sociedade em Geral (Indivíduos),"Entre R\$ 1,00 e R\$ 100,00",Mais de 20,Entre 16kg e 20kg,Mais de 20,Entre 1 e 5,Entre 1kg e 5kg,0 (Zero),2 (Duas),Aumentou as contribuições,Médio,Até 1 S.M.,0,0,0,0,0,0,0,1,0,1,0,0,0,0,0,0,0,0,0,1,0,0,0,0,0,0,0,0,0,0,1,0,0,0,0,1
Masculino,De 31 a 40 anos,Não tenho filhos(as),União Estável,Ensino Superior Completo,Servidor Público,Recreio,Muito Importante,Importante,Muito Importante,Muito Importante,Muito Importante,Muito Importante,Muito Importante,Muito Importante,Muito Importante,Sociedade em Geral (Indivíduos),Poder Público,"Entre R\$ 1,00 e R\$ 100,00",0 (Zero),Mais de 20kg,Mais de 20,0 (Zero),Entre 1kg e 5kg,0 (Zero),0 (Zero),Contribui igual,Médio,De 5 a 10 S.M.,0,0,0,0,0,0,0,0,0,0,0,1,0,0,0,0,0,0,0,0,1,0,0,0,0,1,0,0,0,0,0,0,0,0,0,0
Masculino,De 18 a 30 anos,Não tenho filhos(as),Solteiro(a),Ensino Médio Incompleto,Estudante,Adjunto Dias,Abstenção,Muito Importante,Abstenção,Abstenção,Abstenção,Abstenção,Abstenção,Abstenção,Abstenção,Sociedade em Geral (Indivíduos),Iniciativa Privada (Empresas),"R\$  0,00 (Zero)",0 (Zero),0 kg (Zero),0 (Zero),0 (Zero),0 kg (Zero),0 (Zero),0 (Zero),Reduziu muito as contribuições,Médio,Até 1 S.M.,0,0,0,0,0,0,0,0,0,0,0,0,0,1,0,0,0,0,0,1,0,0,0,0,0,0,0,0,0,0,0,0,0,0,0,1
Masculino,De 18 a 30 anos,Não tenho filhos(as),Solteiro(a),Ensino Superior Incompleto,Empregado na Iniciativa Privada,Itans,Muito Importante,Muito Importante,Muito Importante,Importante,Muito Importante,Importante,Importante,Importante,Importante,Poder Público,Sociedade em Geral (Indivíduos),"R\$  0,00 (Zero)",0 (Zero),0 kg (Zero),0 (Zero),0 (Zero),0 kg (Zero),0 (Zero),0 (Zero),Reduziu muito as contribuições,Muito Baixo,Até 1 S.M.,1,0,0,0,0,0,0,0,0,1,0,0,0,0,0,0,0,0,0,0,1,0,0,0,0,0,1,0,0,0,0,0,0,0,0,0
Masculino,De 31 a 40 anos,Não tenho filhos(as),Solteiro(a),Ensino Superior Completo,Estudante,Barra Nova,Muito Importante,Muito Importante,Muito Importante,Muito Importante,Muito Importante,Não é Importante,Às vezes é Importante,Mediana,Muito Importante,Sociedade em Geral (Indivíduos),Poder Público,"Entre R\$ 1,00 e R\$ 100,00",0 (Zero),Entre 6kg e 10kg,Entre 11 e 15,Entre 11 e 15,0 kg (Zero),Entre 11 e 15,0 (Zero),Contribui igual,Médio,De 1 a 3 S.M.,0,0,0,0,1,1,0,1,0,1,0,0,0,1,1,1,0,1,0,1,0,0,0,0,0,0,1,0,0,1,0,0,0,0,1,0
Feminino,De 31 a 40 anos,Não tenho filhos(as),Casado(a),Ensino Superior Completo,Servidor Público,Serrote Branco,Muito Importante,Abstenção,Mediana,Muito Importante,Mediana,Mediana,Mediana,Às vezes é Importante,Muito Importante,Sociedade em Geral (Indivíduos),Poder Público,"Entre R\$ 1,00 e R\$ 100,00",0 (Zero),0 kg (Zero),Entre 6 e 10,0 (Zero),0 kg (Zero),0 (Zero),0 (Zero),Contribui igual,Médio,De 1 a 3 S.M.,0,0,0,0,0,0,0,0,0,1,0,0,0,1,0,0,0,0,0,0,0,0,1,1,0,0,1,0,1,0,0,0,0,1,1,0
Masculino,De 18 a 30 anos,Somente filhos(as) biológicos,Casado(a),Ensino Médio Completo,Autônomo ou Profissional Liberal,João XXIII,Importante,Não é Importante,Importante,Mediana,Não é Importante,Não é Importante,Muito Importante,Muito Importante,Muito Importante,Poder Público,Sociedade em Geral (Indivíduos),"Entre R\$ 201,00 e R\$ 300,00",0 (Zero),Entre 6kg e 10kg,0 (Zero),0 (Zero),0 kg (Zero),Entre 6 e 10,1 (Uma),Reduziu muito as contribuições,Muito Baixo,Mais que 10 S.M.,0,0,0,0,0,0,0,1,0,1,0,1,0,1,0,0,0,0,0,0,0,0,1,0,0,0,0,0,0,0,0,0,0,1,1,1
Feminino,De 41 a 50 anos,Somente filhos(as) biológicos,União Estável,Ensino Superior Completo,Servidor Público,Nova Caicó,Muito Importante,Muito Importante,Muito Importante,Muito Importante,Abstenção,Importante,Importante,Abstenção,Muito Importante,Iniciativa Privada (Empresas),Poder Público,"Entre R\$ 1,00 e R\$ 100,00",Entre 1 e 5,Entre 1kg e 5kg,Mais de 20,Mais de 20,Entre 1kg e 5kg,Entre 1 e 5,0 (Zero),Aumentou as contribuições,Alto,De 1 a 3 S.M.,1,0,1,0,0,0,0,0,0,0,0,0,0,0,0,0,0,1,0,0,0,1,0,1,0,0,1,0,0,0,0,0,0,0,0,0
Feminino,De 51 a 60 anos,Somente filhos(as) biológicos,União Estável,Ensino Médio Completo,Empregado na Iniciativa Privada,Itans,Muito Importante,Muito Importante,Muito Importante,Muito Importante,Importante,Importante,Muito Importante,Importante,Muito Importante,Sociedade em Geral (Indivíduos),Poder Público,"Entre R\$ 1,00 e R\$ 100,00",0 (Zero),Entre 6kg e 10kg,Mais de 20,Entre 16 e 20,0 kg (Zero),Mais de 20,0 (Zero),Aumentou as contribuições,Muito Alto,De 1 a 3 S.M.,1,0,0,0,0,0,0,0,0,0,0,0,0,1,0,1,0,1,0,0,0,1,0,0,0,0,1,0,0,0,0,0,0,0,1,0
Masculino,De 18 a 30 anos,Não tenho filhos(as),Casado(a),Ensino Superior Completo,Empregado na Iniciativa Privada,Centro,Muito Importante,Muito Importante,Muito Importante,Muito Importante,Muito Importante,Muito Importante,Muito Importante,Importante,Muito Importante,Sociedade em Geral (Indivíduos),Poder Público,"Entre R\$ 1,00 e R\$ 100,00",0 (Zero),Entre 1kg e 5kg,Entre 11 e 15,0 (Zero),Entre 1kg e 5kg,0 (Zero),1 (Uma),Contribui igual,Médio,Até 1 S.M.,1,0,1,1,0,0,0,0,0,1,0,0,0,1,0,1,0,1,0,1,0,0,1,0,0,0,0,0,0,0,0,1,0,0,0,0
Masculino,De 51 a 60 anos,Somente filhos(as) biológicos,Casado(a),Ensino Médio Completo,Aposentado ou Pensionista,Bento XVI,Muito Importante,Abstenção,Muito Importante,Muito Importante,Abstenção,Abstenção,Abstenção,Abstenção,Muito Importante,Sociedade em Geral (Indivíduos),Poder Público,"Entre R\$ 1,00 e R\$ 100,00",0 (Zero),Entre 1kg e 5kg,0 (Zero),0 (Zero),Entre 1kg e 5kg,0 (Zero),0 (Zero),Contribui igual,Alto,De 1 a 3 S.M.,0,0,0,0,0,0,0,0,0,1,0,0,1,0,0,1,1,0,0,0,0,1,0,0,0,0,1,0,0,0,0,0,0,0,0,0
Masculino,De 18 a 30 anos,Não tenho filhos(as),Solteiro(a),Ensino Superior Incompleto,Servidor Público,Frei Damião,Importante,Importante,Abstenção,Importante,Abstenção,Abstenção,Importante,Importante,Abstenção,Sociedade em Geral (Indivíduos),Poder Público,"Entre R\$ 1,00 e R\$ 100,00",0 (Zero),0 kg (Zero),0 (Zero),0 (Zero),0 kg (Zero),0 (Zero),0 (Zero),Contribui igual,Médio,De 3 a 5 S.M.,0,0,0,0,0,0,0,0,0,0,0,1,0,1,0,0,0,1,0,0,0,1,0,0,0,0,1,0,0,0,0,0,0,0,0,0
